-- phpMyAdmin SQL Dump
-- version 4.9.3
-- https://www.phpmyadmin.net/
--
-- Host: localhost:8889
-- Creato il: Lug 28, 2020 alle 13:25
-- Versione del server: 5.7.26
-- Versione PHP: 7.4.2

SET SQL_MODE = "NO_AUTO_VALUE_ON_ZERO";
SET time_zone = "+00:00";


/*!40101 SET @OLD_CHARACTER_SET_CLIENT=@@CHARACTER_SET_CLIENT */;
/*!40101 SET @OLD_CHARACTER_SET_RESULTS=@@CHARACTER_SET_RESULTS */;
/*!40101 SET @OLD_COLLATION_CONNECTION=@@COLLATION_CONNECTION */;
/*!40101 SET NAMES utf8mb4 */;

--
-- Database: `barone`
--

-- --------------------------------------------------------

--
-- Struttura della tabella `affidatari`
--

CREATE TABLE `affidatari` (
  `id_affidatario` int(10) NOT NULL,
  `nome_ITA` varchar(80) CHARACTER SET utf8 NOT NULL,
  `nome_ENG` varchar(80) CHARACTER SET utf8 NOT NULL,
  `link` varchar(55) CHARACTER SET utf8 DEFAULT NULL
) ENGINE=InnoDB DEFAULT CHARSET=latin1;

--
-- Dump dei dati per la tabella `affidatari`
--

INSERT INTO `affidatari` (`id_affidatario`, `nome_ITA`, `nome_ENG`, `link`) VALUES
(1, 'Dipartimento di Giurisprudenza ', 'Department of Law', 'http://www.lex.unict.it/'),
(2, 'Dipartimento di Scienze Biomediche e Biotecnologie', 'Department of Biomedical Sciences and Biotechnology', 'http://www.biometec.unict.it/'),
(3, 'Dipartimento di Fisica ed Astronomia', 'Department of Physics and Astronomy', 'https://www.dfa.unict.it/'),
(4, 'Dipartimento di Ingegneria Civile ed Architettura', 'Department of Civil Engineering and Architecture', 'http://www.dicar.unict.it/'),
(5, 'Dipartimento di Scienze Umanistiche', 'Department of Humanities', 'http://www.disum.unict.it/'),
(6, 'Dipartimento di Scienze Biologiche,Geologiche ed Ambientali', 'Department of Biological, Geological and Environmental Sciences', 'http://www.dipbiogeo.unict.it/'),
(7, 'Dipartimento di Agricoltura,Alimentazione ed Ambiente', 'Department of Agriculture and Environment', 'https://www.di3a.unict.it/'),
(8, 'Polo Regionale', 'Regional Pole', 'http://www.poloregionalecatania.net/');

-- --------------------------------------------------------

--
-- Struttura della tabella `aree`
--

CREATE TABLE `aree` (
  `id_area` int(10) NOT NULL,
  `nome_ITA` varchar(50) CHARACTER SET utf8 NOT NULL,
  `nome_ENG` varchar(50) CHARACTER SET utf8 NOT NULL
) ENGINE=InnoDB DEFAULT CHARSET=latin1;

--
-- Dump dei dati per la tabella `aree`
--

INSERT INTO `aree` (`id_area`, `nome_ITA`, `nome_ENG`) VALUES
(1, 'Storia dell\'Ateneo', 'History of the University'),
(2, 'Giurisprudenza e ricerca storica', ' Jurisprudence and historical research'),
(3, 'Progresso nella ricerca medica e fisica', ' Progress in medical and physical research'),
(4, 'Progettazione del territorio e ricerca', ' Territory planning and research'),
(5, 'Archeologia del territorio e della ricerca', ' Territory archeology and research'),
(6, 'Ambiente naturale e ricerca', 'Natural environment and research');

-- --------------------------------------------------------

--
-- Struttura della tabella `collezioni`
--

CREATE TABLE `collezioni` (
  `id_collezione` int(10) NOT NULL,
  `id_area` int(10) NOT NULL,
  `id_affidatario` int(10) DEFAULT NULL,
  `nome_ITA` varchar(80) CHARACTER SET utf8 NOT NULL,
  `nome_ENG` varchar(80) CHARACTER SET utf8 NOT NULL,
  `descrizione_ITA_adulti` text CHARACTER SET utf8 NOT NULL,
  `descrizione_ENG_adulti` text CHARACTER SET utf8 NOT NULL,
  `descrizione_ITA_bambini` text CHARACTER SET utf8 NOT NULL,
  `descrizione_ENG_bambini` text CHARACTER SET utf8 NOT NULL
) ENGINE=InnoDB DEFAULT CHARSET=latin1;

--
-- Dump dei dati per la tabella `collezioni`
--

INSERT INTO `collezioni` (`id_collezione`, `id_area`, `id_affidatario`, `nome_ITA`, `nome_ENG`, `descrizione_ITA_adulti`, `descrizione_ENG_adulti`, `descrizione_ITA_bambini`, `descrizione_ENG_bambini`) VALUES
(1, 1, NULL, 'Archivio Storico', 'Historical Archive', 'L’Archivio Storico ha sede nello storico Palazzo centrale in piazza dell’Università, edificato nel XVIII secolo. Vi sono raccolti i documenti piu antichi fra quelli conservati negli archivi dell’Ateneo che testimoniamo le attività in diversi ambiti.', 'The Historical Archive is housed in the historic central building in the University square, built in the 18th century. There are collected the oldest documents among those preserved in the University archives that bear witness to the activities in different areas.', 'L’Archivio Storico ha sede nello storico Palazzo centrale in piazza dell’Università, edificato nel XVIII secolo. Vi sono raccolti i documenti piu antichi fra quelli conservati negli archivi dell’Ateneo che testimoniamo le attività in diversi ambiti', 'The Historical Archive is housed in the historic central building in the University square, built in the 18th century. There are collected the oldest documents among those preserved in the University archives that bear witness to the activities in different areas.'),
(2, 1, NULL, 'Museo dello Studio', 'Studio Museum', 'Il Museo dello Studio è attualmente allocato nei locali del Rettorato e venne allestito nel 1934 al piano nobile dello storico palazzo centrale dell’Università di Catania. Le collezioni del Museo in primo luogo comprendono un ricco nucleo di dipinti raffiguranti persone illustri per l’Ateneo e la città di Catania. Inoltre, raccoglie varie tipologie di oggetti artistici.', 'The Museum of the Study is currently located in the premises of the Rectorate and was set up in 1934 on the main floor of the historic central building of the University of Catania. The collections of the Museum primarily include a rich nucleus of paintings depicting illustrious people for the University and the city of Catania. In addition, it collects various types of artistic objects.The Museum of the Study is currently located in the premises of the Rectorate and was set up in 1934 on the main floor of the historic central building of the University of Catania. The collections of the Museum primarily include a rich nucleus of paintings depicting illustrious people for the University and the city of Catania. In addition, it collects various types of artistic objects.', 'Il Museo dello Studio è attualmente allocato nei locali del Rettorato e venne allestito nel 1934 al piano nobile dello storico palazzo centrale dell’Università di Catania. Le collezioni del Museo in primo luogo comprendono un ricco nucleo di dipinti raffiguranti persone illustri per l’Ateneo e la città di Catania. Inoltre, raccoglie varie tipologie di oggetti artistici.', 'The Museum of the Study is currently located in the premises of the Rectorate and was set up in 1934 on the main floor of the historic central building of the University of Catania. The collections of the Museum primarily include a rich nucleus of paintings depicting illustrious people for the University and the city of Catania. In addition, it collects various types of artistic objects.'),
(3, 1, 5, 'Archivio Ceramografico', 'Ceramographic Archive', 'L’Archivio Ceramografico è costituito da un corpus di riproduzioni di vasi attici editi ed inediti, provenienti dallo spoglio sistematico di pubblicazioni specializzate ed in parte da immagini raccolte durante la visita a musei e collezioni private dell’Italia, paesi Europei ed extra-europei. Essa è stata donata all’Ateneo Catanese dal prof. Filippo Giudice nel 1995. L’archivio rappresenta uno strumento indispensabile per la valorizzazione dei beni culturali poiché permette la valorizzione dei maestri greci dell’artigianato, approfondire la conoscenza sulla cultura classica e ci permette di datare i monumenti della civiltà classica.', 'The Ceramographic Archive consists of a corpus of reproductions of published and unpublished Attic vases, coming from the systematic examination of specialized publications and in part from images collected during the visit to museums and private collections of Italy, European and non-European countries. It was donated to the Catania University by prof. Filippo Giudice in 1995. The archive represents an indispensable tool for the enhancement of cultural heritage since it allows the enhancement of the Greek masters of craftsmanship, deepen the knowledge of classical culture and allows us to date the monuments of classical civilization.', 'L’Archivio Ceramografico è costituito da un corpus di riproduzioni di vasi attici editi ed inediti, provenienti dallo spoglio sistematico di pubblicazioni specializzate ed in parte da immagini raccolte durante la visita a musei e collezioni private dell’Italia, paesi Europei ed extra-europei. Essa è stata donata all’Ateneo Catanese dal prof. Filippo Giudice nel 1995. L’archivio rappresenta uno strumento indispensabile per la valorizzazione dei beni culturali poiché permette la valorizzione dei maestri greci dell’artigianato, approfondire la conoscenza sulla cultura classica e ci permette di datare i monumenti della civiltà classica.', 'The Ceramographic Archive consists of a corpus of reproductions of published and unpublished Attic vases, coming from the systematic examination of specialized publications and in part from images collected during the visit to museums and private collections of Italy, European and non-European countries. It was donated to the Catania University by prof. Filippo Giudice in 1995. The archive represents an indispensable tool for the enhancement of cultural heritage since it allows the enhancement of the Greek masters of craftsmanship, deepen the knowledge of classical culture and allows us to date the monuments of classical civilization.'),
(4, 2, 1, 'Fondo Storico della Biblioteca di Scienze Giuridiche', 'Historical Fund of the Library of Legal Sciences', ' La Biblioteca delle Scienze Giuridiche offre una ricca collezione di opere in volume e garantisce l’accesso a numerose raccolte e risorse digitali a beneficio di docenti e studenti dell\'Ateneo e di utenti esterni autorizzati.Obiettivo della struttura è quello di offrire agli utenti strumenti di ricerca adeguati nelle diverse aree disciplinari cui afferiscono, agevolare la circolazione e diffusione di strumenti e sussidi per la didattica e la formazione specialistica, nonché promuovere il coordinamento con altre biblioteche italiane e straniere, stipulando accordi e partecipando ad iniziative, reti e progetti votati a tale scopo.', 'The Library of Legal Sciences offers a rich collection of works in volume and guarantees access to numerous collections and digital resources for the benefit of University teachers and students and authorized external users. The aim of the structure is to offer users adequate research in the various disciplinary areas to which they belong, facilitate the circulation and dissemination of tools and aids for teaching and specialist training, as well as promoting coordination with other Italian and foreign libraries, by entering into agreements and participating in initiatives, networks and projects devoted to this purpose.', ' La Biblioteca delle Scienze Giuridiche offre una ricca collezione di opere in volume e garantisce l’accesso a numerose raccolte e risorse digitali a beneficio di docenti e studenti dell\'Ateneo e di utenti esterni autorizzati.Obiettivo della struttura è quello di offrire agli utenti strumenti di ricerca adeguati nelle diverse aree disciplinari cui afferiscono, agevolare la circolazione e diffusione di strumenti e sussidi per la didattica e la formazione specialistica, nonché promuovere il coordinamento con altre biblioteche italiane e straniere, stipulando accordi e partecipando ad iniziative, reti e progetti votati a tale scopo.', 'The Library of Legal Sciences offers a rich collection of works in volume and guarantees access to numerous collections and digital resources for the benefit of University teachers and students and authorized external users. The aim of the structure is to offer users adequate research in the various disciplinary areas to which they belong, facilitate the circulation and dissemination of tools and aids for teaching and specialist training, as well as promoting coordination with other Italian and foreign libraries, by entering into agreements and participating in initiatives, networks and projects devoted to this purpose.'),
(5, 3, 3, 'Collezioni di strumenti antichi della fisica', 'Collections of ancient instruments of physics', 'La ricca collezione oggi comprende oltre duecento strumenti ripristinati e realizzati dai fisici catanesi rappresentando un prezioso patrimonio con un grande valore fisico e scientifico. È presente una bella collezioni di strumenti di acustica risalenti alla seconda metà dell’800, una ricca dotazione di strumenti di ottica, numerosi strumenti per l’analisi spettrale della luce.Inoltre troviamo una sezione Elettricità e magnetismo ed una ricca collezione di galvanometri.', 'The rich collection today includes over two hundred instruments restored and made by the Catania physicists representing a precious heritage with great physical and scientific value. There is a beautiful collection of acoustic instruments dating back to the second half of the 19th century, a rich endowment of optical instruments, numerous instruments for the spectral analysis of light. In addition we find an Electricity and magnetism section and a rich collection of galvanometers.', 'La ricca collezione oggi comprende oltre duecento strumenti ripristinati e realizzati dai fisici catanesi rappresentando un prezioso patrimonio con un grande valore fisico e scientifico. È presente una bella collezioni di strumenti di acustica risalenti alla seconda metà dell’800, una ricca dotazione di strumenti di ottica, numerosi strumenti per l’analisi spettrale della luce.Inoltre troviamo una sezione Elettricità e magnetismo ed una ricca collezione di galvanometri.', 'The rich collection today includes over two hundred instruments restored and made by the Catania physicists representing a precious heritage with great physical and scientific value. There is a beautiful collection of acoustic instruments dating back to the second half of the 19th century, a rich endowment of optical instruments, numerous instruments for the spectral analysis of light. In addition we find an Electricity and magnetism section and a rich collection of galvanometers.'),
(6, 3, 2, 'Museo di Biologia e Anatomia Umana di \"Lorenzo Bianchi\" ', 'Museum of Biology and Human Anatomy of \"Lorenzo Bianchi\"', 'Il museo attualmente ospita le ottocentesche tavole anatomiche “L’Anatomia Universa” di Paolo Mascagni (1800) che rappresentano un uomo in grandezza naturale. Vi troviamo,inoltre, tavole anatomiche in bianco e nero ed a colori di altri autori dal 1700 ad oggi. La collezione ospita anche la piu grande collezione di crani Siciliani, scheletri, collezioni a secco di vari organi,strumentari anatomici,microscopi ottici antichi. Inoltre, all’interno dell’area museale c’è anche l’anatomage ovvero il tavolo di dissezione naturale.', 'The museum currently houses the nineteenth-century anatomical plates \"L’Anatomia Universa\" by Paolo Mascagni (1800) which represent a man in natural size. We also find anatomical tables in black and white and in color by other authors from 1700 to today. The collection also houses the largest collection of Sicilian skulls, skeletons, dry collections of various organs, anatomical instruments, ancient optical microscopes. In addition, within the museum area there is also anatomy or the natural dissection table.', 'Il museo attualmente ospita le ottocentesche tavole anatomiche “L’Anatomia Universa” di Paolo Mascagni (1800) che rappresentano un uomo in grandezza naturale. Vi troviamo,inoltre, tavole anatomiche in bianco e nero ed a colori di altri autori dal 1700 ad oggi. La collezione ospita anche la piu grande collezione di crani Siciliani, scheletri, collezioni a secco di vari organi,strumentari anatomici,microscopi ottici antichi. Inoltre, all’interno dell’area museale c’è anche l’anatomage ovvero il tavolo di dissezione naturale.', 'The museum currently houses the nineteenth-century anatomical plates \"L’Anatomia Universa\" by Paolo Mascagni (1800) which represent a man in natural size. We also find anatomical tables in black and white and in color by other authors from 1700 to today. The collection also houses the largest collection of Sicilian skulls, skeletons, dry collections of various organs, anatomical instruments, ancient optical microscopes. In addition, within the museum area there is also anatomy or the natural dissection table.'),
(7, 4, 4, 'Museo della Rappresentazione villa Zingali Tetto (MuRa)', 'Museum of Representation villa Zingali Tetto (MuRa)', 'Il progetto della villa fu commissionato dall’avv. Paolo Zingali Tetto nel 1926 all’arch.ing.Paolo Lanzerotti. Possiamo trovare due fondi archivistici: il primo realizzato da Francesco Fichera che si compone di 1600 disegni ed eseguiti con tecniche varie ed il secondo di Giovanni Battista Piranesi che si compone di 1048 tavole di incisione e 187 di tavole di testo. Il MURA è anche sede di due laboratori: R3LAB e sPRA concepiti per potenziare le attività di ricerca svolte dal DICAR.', 'The villa project was commissioned by the lawyer. Paolo Zingali Roof in 1926 to the architect Paolo Lanzerotti. We can find two archival collections: the first created by Francesco Fichera which is made up of 1600 drawings and executed with various techniques and the second by Giovanni Battista Piranesi which is made up of 1048 engraving tables and 187 text tables. MURA is also home to two laboratories: R3LAB and sPRA designed to enhance the research activities carried out by DICAR.', 'Il progetto della villa fu commissionato dall’avv. Paolo Zingali Tetto nel 1926 all’arch.ing.Paolo Lanzerotti. Possiamo trovare due fondi archivistici: il primo realizzato da Francesco Fichera che si compone di 1600 disegni ed eseguiti con tecniche varie ed il secondo di Giovanni Battista Piranesi che si compone di 1048 tavole di incisione e 187 di tavole di testo. Il MURA è anche sede di due laboratori: R3LAB e sPRA concepiti per potenziare le attività di ricerca svolte dal DICAR.', 'The villa project was commissioned by the lawyer. Paolo Zingali Roof in 1926 to the architect Paolo Lanzerotti. We can find two archival collections: the first created by Francesco Fichera which is made up of 1600 drawings and executed with various techniques and the second by Giovanni Battista Piranesi which is made up of 1048 engraving tables and 187 text tables. MURA is also home to two laboratories: R3LAB and sPRA designed to enhance the research activities carried out by DICAR.'),
(8, 5, 5, 'Museo di Archeologia', 'Archeology Museum', 'Nel Museo è presente la collezione di antichità di Quinto Libertini che si è formata in un periodo compreso tra i primi degli anni venti e la fine degli anni quaranta del secolo scorso. Essa rappresenta gli interessi scientifici dei Libertini, in modo particolare i reperti sono testimonianza di Centuripe e di Catania greca e romana. Dopo la morte di libertini  la sua collezione viene affidata  all’Università di Catania. La collezioni si articola in 5 ambienti storici: dalla Preistoria al Medioevo,l’ultima stanza è dedicata ai falsi della collazione prodotti nell’area  di Centuripe.', 'In the museum there is the collection of antiquities by Quinto Libertini which was formed in a period between the early 1920s and the late 1940s. It represents the scientific interests of the Libertines, in particular the findings are evidence of Centuripe and Greek and Roman Catania. After the death of libertines, his collection is entrusted to the University of Catania. The collection is divided into 5 historical environments: from Prehistory to the Middle Ages, the last room is dedicated to the collation fakes produced in the Centuripe area.', 'Nel Museo è presente la collezione di antichità di Quinto Libertini che si è formata in un periodo compreso tra i primi degli anni venti e la fine degli anni quaranta del secolo scorso. Essa rappresenta gli interessi scientifici dei Libertini, in modo particolare i reperti sono testimonianza di Centuripe e di Catania greca e romana. Dopo la morte di libertini  la sua collezione viene affidata  all’Università di Catania. La collezioni si articola in 5 ambienti storici: dalla Preistoria al Medioevo,l’ultima stanza è dedicata ai falsi della collazione prodotti nell’area  di Centuripe.', 'In the museum there is the collection of antiquities by Quinto Libertini which was formed in a period between the early 1920s and the late 1940s. It represents the scientific interests of the Libertines, in particular the findings are evidence of Centuripe and Greek and Roman Catania. After the death of libertines, his collection is entrusted to the University of Catania. The collection is divided into 5 historical environments: from Prehistory to the Middle Ages, the last room is dedicated to the collation fakes produced in the Centuripe area.'),
(9, 5, 5, 'Museo della Fabbrica del Monastero dei Benedettini', 'Museum of the Benedictine Monastery Factory', 'Il Museo viene istituito con il progetto coordinato Catania-Lecce (1997-2001) nel contesto del Progetto Guida di Giancarlo De Carlo per il recupero del Monastero dei Benedettini di San Nicolò l’Arena, adesso sede della facoltà di Lettere. Il Museo nasce nelle Cucine e nei magazzini. È presente inoltre una collezione di strumenti scientifici risalenti alla fine del XIX secolo che testimoniano la presenza dei laboratori di Geodinamica.', 'The Museum was established with the coordinated project Catania-Lecce (1997-2001) in the context of Giancarlo De Carlo\'s Guide Project for the recovery of the Benedictine Monastery of San Nicolò l\'Arena, now home to the Faculty of Letters. The museum was born in the kitchens and warehouses. There is also a collection of scientific instruments dating back to the end of the 19th century which testify to the presence of the Geodynamic laboratories.', 'Il Museo viene istituito con il progetto coordinato Catania-Lecce (1997-2001) nel contesto del Progetto Guida di Giancarlo De Carlo per il recupero del Monastero dei Benedettini di San Nicolò l’Arena, adesso sede della facoltà di Lettere. Il Museo nasce nelle Cucine e nei magazzini. È presente inoltre una collezione di strumenti scientifici risalenti alla fine del XIX secolo che testimoniano la presenza dei laboratori di Geodinamica.', 'The Museum was established with the coordinated project Catania-Lecce (1997-2001) in the context of Giancarlo De Carlo\'s Guide Project for the recovery of the Benedictine Monastery of San Nicolò l\'Arena, now home to the Faculty of Letters. The museum was born in the kitchens and warehouses. There is also a collection of scientific instruments dating back to the end of the 19th century which testify to the presence of the Geodynamic laboratories.'),
(10, 5, 8, 'Collezione Archeologica Polo Regionale di Catania per siti culturali', 'Archaeological Collection of the Catania Regional Pole for cultural sites', 'Il Parco Archeologico e Paesaggistico è una nuova istituzione che rimonta solo al  2019,  effetto della riorganizzazione degli uffici del dipartimento dei Beni Culturali. Compito precipuo del Polo è quello di potenziare valorizzazione e fruizione dei siti di cultura e musei ad esso conferiti, ricadenti a Catania e nel territorio', 'The Archaeological and Landscape Park is a new institution that only comes back in 2019, the effect of the reorganization of the offices of the Department of Cultural Heritage. The main task of the Polo is to enhance the exploitation and use of the cultural sites and museums assigned to it, falling within Catania and in the territory', 'Il Parco Archeologico e Paesaggistico è una nuova istituzione che rimonta solo al  2019,  effetto della riorganizzazione degli uffici del dipartimento dei Beni Culturali. Compito precipuo del Polo è quello di potenziare valorizzazione e fruizione dei siti di cultura e musei ad esso conferiti, ricadenti a Catania e nel territorio', 'The Archaeological and Landscape Park is a new institution that only comes back in 2019, the effect of the reorganization of the offices of the Department of Cultural Heritage. The main task of the Polo is to enhance the exploitation and use of the cultural sites and museums assigned to it, falling within Catania and in the territory'),
(11, 6, 6, 'Museo di Zoologia e Casa delle farfalle', 'Zoology Museum and Butterfly House', 'Si tratta del piu antico Museo siciliano fondato nel 1853. Esso ospita numerose collezioni storiche provenienti dall’Accademia Gioenia, dal Circolo Cacciatori, dai Benedettini e da donazioni private. Annesa al Museo, è presente la Casa delle Farfalle costruita da Manfredi Nicoletti che grazie alle sue pareti laterali riesce a catturare quanta piu energia solare. Il Museo si divide in: Collezione Generale che comprende la Fauna Australiana, Fauna europea e la Fauna generale. Per quanto riguarda invece, le collezioni private, è presenta quelli di Auteri donata da Anna Paternò nel 1923, essa include un migliaio di esemplari, esotici di particolare valore', 'It is the oldest Sicilian museum founded in 1853. It houses numerous historical collections from the Gioenia Academy, the Cacciatori Circle, the Benedictines and private donations. Annesa to the Museum, there is the Butterfly House built by Manfredi Nicoletti that thanks to its side walls manages to capture as much solar energy. The Museum is divided into: General Collection which includes the Australian Wildlife, European Wildlife and General Wildlife. As for private collections, however, and those of Auteri donated by Anna Paternò in 1923, it includes a thousand specimens, exotic of particular value', 'Si tratta del piu antico Museo siciliano fondato nel 1853. Esso ospita numerose collezioni storiche provenienti dall’Accademia Gioenia, dal Circolo Cacciatori, dai Benedettini e da donazioni private. Annesa al Museo, è presente la Casa delle Farfalle costruita da Manfredi Nicoletti che grazie alle sue pareti laterali riesce a catturare quanta piu energia solare. Il Museo si divide in: Collezione Generale che comprende la Fauna Australiana, Fauna europea e la Fauna generale. Per quanto riguarda invece, le collezioni private, è presenta quelli di Auteri donata da Anna Paternò nel 1923, essa include un migliaio di esemplari, esotici di particolare valore', 'It is the oldest Sicilian museum founded in 1853. It houses numerous historical collections from the Gioenia Academy, the Cacciatori Circle, the Benedictines and private donations. Annesa to the Museum, there is the Butterfly House built by Manfredi Nicoletti that thanks to its side walls manages to capture as much solar energy. The Museum is divided into: General Collection which includes the Australian Wildlife, European Wildlife and General Wildlife. As for private collections, however, and those of Auteri donated by Anna Paternò in 1923, it includes a thousand specimens, exotic of particular value'),
(12, 6, 6, 'Banca del Germoplasma BES CT', 'Germplasm Bank BES CT', 'La Banca del Germoplasma è stata fondata nel 2004 ed attualmente ha sede nell’ex Conservatorio delle Vergini al Borgo. Essa si occupa di salvaguardare e valorizzare la diversità vegetale della Sicilia, attraverso la conservazione ex situ del germoplasma di specie spontanee e rare di numerosi ambienti naturali. È importante sottolineare che la BGS-CT fa parte della Rete italiana delle Banche del Germoplasma (RIBES) e della Rete di Banche mediterranee (GENMEDA).', 'The Germplasm Bank was founded in 2004 and is currently based in the former Conservatory of Virgins in the Borgo. It deals with safeguarding and enhancing the plant diversity of Sicily, through the ex situ conservation of the germplasm of spontaneous and rare species of numerous natural environments. It is important to underline that BGS-CT is part of the Italian Germoplasm Banks Network (RIBES) and the Mediterranean Banks Network (GENMEDA).', 'La Banca del Germoplasma è stata fondata nel 2004 ed attualmente ha sede nell’ex Conservatorio delle Vergini al Borgo. Essa si occupa di salvaguardare e valorizzare la diversità vegetale della Sicilia, attraverso la conservazione ex situ del germoplasma di specie spontanee e rare di numerosi ambienti naturali. È importante sottolineare che la BGS-CT fa parte della Rete italiana delle Banche del Germoplasma (RIBES) e della Rete di Banche mediterranee (GENMEDA).', 'The Germplasm Bank was founded in 2004 and is currently based in the former Conservatory of Virgins in the Borgo. It deals with safeguarding and enhancing the plant diversity of Sicily, through the ex situ conservation of the germplasm of spontaneous and rare species of numerous natural environments. It is important to underline that BGS-CT is part of the Italian Germoplasm Banks Network (RIBES) and the Mediterranean Banks Network (GENMEDA).'),
(13, 6, 6, 'Ortobotanico ed Herbarium', 'Ortobotanico and Herbarium', 'L’Ortobotanico di Catania,fondato nel 1858 da Francesco Tornabene si estende su una superficie di circa 16.000 m2 e mantiene la sua impostazione originario che prevede la suddivisione in due grandi settori: Orto Universale che presenta piante esotiche e Orto Siculo dove sono stati ricreati gli ambienti siciliani. Tra tutte le collezioni, quella delle piante succulenti è la piu ricca insieme a quella delle palme.', 'The Ortobotanico of Catania, founded in 1858 by Francesco Tornabene, covers an area of ​​approximately 16,000 m2 and maintains its original setting which provides for the division into two large sectors: Universal Garden which has exotic plants and Sicilian Garden where the Sicilian environments. Of all the collections, that of succulent plants is the richest along with that of palm trees.', 'L’Ortobotanico di Catania,fondato nel 1858 da Francesco Tornabene si estende su una superficie di circa 16.000 m2 e mantiene la sua impostazione originario che prevede la suddivisione in due grandi settori: Orto Universale che presenta piante esotiche e Orto Siculo dove sono stati ricreati gli ambienti siciliani. Tra tutte le collezioni, quella delle piante succulenti è la piu ricca insieme a quella delle palme.', 'The Ortobotanico of Catania, founded in 1858 by Francesco Tornabene, covers an area of ​​approximately 16,000 m2 and maintains its original setting which provides for the division into two large sectors: Universal Garden which has exotic plants and Sicilian Garden where the Sicilian environments. Of all the collections, that of succulent plants is the richest along with that of palm trees.'),
(14, 6, 6, 'Collezioni di Paleontologia', 'Paleontology collections', 'La collezione è divisa in Vertebrati con reperti soprattutto Siciliani come elefanti,cervi ecc. Numerosi sono i pesci marini e di ambienti lagunari;  Invertebrati e Habitat Marini che comprende reperti di principali come gruppi di scheletro mineralizzato, conchiglie,fossili. Infine, troviamo le collezioni Storiche e Tipi che sono reperti isolati che documentano la collezione del Principe di Biscari risalente al 1700.', 'The collection is divided into Vertebrates with mainly Sicilian finds such as elephants, deer etc. There are numerous marine and lagoon fish; Invertebrates and Marine Habitats which includes major finds such as mineralized skeleton groups, shells, fossils. Finally, we find the Historical and Types collections which are isolated finds documenting the collection of the Prince of Biscari dating back to 1700.', 'La collezione è divisa in Vertebrati con reperti soprattutto Siciliani come elefanti,cervi ecc. Numerosi sono i pesci marini e di ambienti lagunari;  Invertebrati e Habitat Marini che comprende reperti di principali come gruppi di scheletro mineralizzato, conchiglie,fossili. Infine, troviamo le collezioni Storiche e Tipi che sono reperti isolati che documentano la collezione del Principe di Biscari risalente al 1700.', 'The collection is divided into Vertebrates with mainly Sicilian finds such as elephants, deer etc. There are numerous marine and lagoon fish; Invertebrates and Marine Habitats which includes major finds such as mineralized skeleton groups, shells, fossils. Finally, we find the Historical and Types collections which are isolated finds documenting the collection of the Prince of Biscari dating back to 1700.'),
(15, 6, 6, 'Collezione di Minerali della serie evaporitica siciliana', 'Collection of minerals from the Sicilian evaporitic series', 'I minerali esposti si sono tutti formati a seguito della crisi di salinità del Mediterraneo avvenuta durante il Messiniano (6.4-6.5 milioni di anni fa). Durante tale periodo il Mediterraneo è stato isolato dall\'oceano Atlantico a causa del sollevamento della soglia di Gibilterra. L\'evaporazione particolarmente intensa a causa del clima caldo e arido della regione ha permesso la precipitazione di minerali che attualmente formano estesi affioramenti nella Sicilia centrale.', 'The exposed minerals all formed following the Mediterranean salinity crisis that occurred during the Messinian (6.4-6.5 million years ago). During this period the Mediterranean was isolated from the Atlantic Ocean due to the raising of the Gibraltar threshold. The particularly intense evaporation due to the hot and arid climate of the region has allowed the precipitation of minerals that currently form extensive outcrops in central Sicily.', 'I minerali esposti si sono tutti formati a seguito della crisi di salinità del Mediterraneo avvenuta durante il Messiniano (6.4-6.5 milioni di anni fa). Durante tale periodo il Mediterraneo è stato isolato dall\'oceano Atlantico a causa del sollevamento della soglia di Gibilterra. L\'evaporazione particolarmente intensa a causa del clima caldo e arido della regione ha permesso la precipitazione di minerali che attualmente formano estesi affioramenti nella Sicilia centrale.', 'The exposed minerals all formed following the Mediterranean salinity crisis that occurred during the Messinian (6.4-6.5 million years ago). During this period the Mediterranean was isolated from the Atlantic Ocean due to the raising of the Gibraltar threshold. The particularly intense evaporation due to the hot and arid climate of the region has allowed the precipitation of minerals that currently form extensive outcrops in central Sicily.'),
(16, 6, 6, 'Collezioni strumenti di misura ', 'Measuring instruments collections', 'La collezione presenta diversi strumenti di misura nell\'ambito minero-petrografico, geofisico e geochimico donati da diversi collezionisti privati e da Università italiane.', 'The collection presents various measuring instruments in the minero-petrographic, geophysical and geochemical fields donated by various private collectors and by Italian universities.', 'La collezione presenta diversi strumenti di misura nell\'ambito minero-petrografico, geofisico e geochimico donati da diversi collezionisti privati e da Università italiane.', 'The collection presents various measuring instruments in the minero-petrographic, geophysical and geochemical fields donated by various private collectors and by Italian universities.'),
(17, 6, 7, 'Collezioni entomologiche di pertinenza del Di3A', 'Entomological collections pertaining to Di3A', 'Le collezioni entomologiche sono nate grazie al prof. Vincenzo Lupo e comprendono: una collezione storica che consta di 400 cassette entomologiche ed una raccolta di disegni su cartoncino con 200 tavole didattiche con soggetti di interesse agrario e forestale. Il prof. V.Lupo nel tempo ha arricchito sempre di piu la sua collezione con materiali ricevuti in dono e con acquisti di notevole pregio, successivamente tale collezione venne sviluppata ed ordinata dai docenti di Entomologia applicata, diventando anche un supporto didattico per gli studenti del Dipartimento. ', 'The entomological collections were born thanks to prof. Vincenzo Lupo and include: a historical collection consisting of 400 entomological boxes and a collection of drawings on cardboard with 200 didactic tables with subjects of agricultural and forestry interest. The professor. Over time, V.Lupo has enriched its collection with materials received as gifts and with valuable purchases, subsequently this collection was developed and ordered by the teachers of applied entomology, also becoming an educational support for students of the Department.', 'Le collezioni entomologiche sono nate grazie al prof. Vincenzo Lupo e comprendono: una collezione storica che consta di 400 cassette entomologiche ed una raccolta di disegni su cartoncino con 200 tavole didattiche con soggetti di interesse agrario e forestale. Il prof. V.Lupo nel tempo ha arricchito sempre di piu la sua collezione con materiali ricevuti in dono e con acquisti di notevole pregio, successivamente tale collezione venne sviluppata ed ordinata dai docenti di Entomologia applicata, diventando anche un supporto didattico per gli studenti del Dipartimento. ', 'The entomological collections were born thanks to prof. Vincenzo Lupo and include: a historical collection consisting of 400 entomological boxes and a collection of drawings on cardboard with 200 didactic tables with subjects of agricultural and forestry interest. The professor. Over time, V.Lupo has enriched its collection with materials received as gifts and with valuable purchases, subsequently this collection was developed and ordered by the teachers of applied entomology, also becoming an educational support for students of the Department.'),
(18, 6, 7, 'Collezioni di Agrobiodiversità', 'Agrobiodiversity collections', 'Possiamo trovare collezioni in vivo di fruttiferi nell’azienda sperimentale e collezioni di semi,frutti e infruttescenze di specie arboree, erbacee, ortive e ornamentali nella sede storica del Dipartimento di Agraria. Inoltre, negli ultimi anni è stata costituita una banda del germoplasma autoctono di specie coltivate e spontanee. È importante sottolineare che larga parte dell’attività di ricerca del Di3A è dedicata oltre che alla conservazione di specie ed ecotipi siciliani di interesse siciliano, anche alla loro valorizzazione.', 'Abbiamo trovato collezioni in vivo di fruttiferi nell\'azienda sperimentale e collezioni di semi, frutti e infruttescenze di specie arboree, erbacee, ortive e ornamentali nella sede storica del Dipartimento di Agraria. Inoltre, negli ultimi anni è stata aggiornata una banda di germoplasma autoctono di specie coltivate e spontanee. È importante sottolineare che larga parte dell\'attività di ricerca del Di3A è dedicato oltre alla conservazione di specie ed ecotipi siciliani di interesse siciliano, anche alla loro valorizzazione.', 'Possiamo trovare collezioni in vivo di fruttiferi nell’azienda sperimentale e collezioni di semi,frutti e infruttescenze di specie arboree, erbacee, ortive e ornamentali nella sede storica del Dipartimento di Agraria. Inoltre, negli ultimi anni è stata costituita una banda del germoplasma autoctono di specie coltivate e spontanee. È importante sottolineare che larga parte dell’attività di ricerca del Di3A è dedicata oltre che alla conservazione di specie ed ecotipi siciliani di interesse siciliano, anche alla loro valorizzazione.', 'Abbiamo trovato collezioni in vivo di fruttiferi nell\'azienda sperimentale e collezioni di semi, frutti e infruttescenze di specie arboree, erbacee, ortive e ornamentali nella sede storica del Dipartimento di Agraria. Inoltre, negli ultimi anni è stata aggiornata una banda di germoplasma autoctono di specie coltivate e spontanee. È importante sottolineare che larga parte dell\'attività di ricerca del Di3A è dedicato oltre alla conservazione di specie ed ecotipi siciliani di interesse siciliano, anche alla loro valorizzazione.');

-- --------------------------------------------------------

--
-- Struttura della tabella `immagini`
--

CREATE TABLE `immagini` (
  `id_immagine` int(10) NOT NULL,
  `id_oggetto` int(10) NOT NULL,
  `path` varchar(50) CHARACTER SET utf8 NOT NULL
) ENGINE=InnoDB DEFAULT CHARSET=latin1;

--
-- Dump dei dati per la tabella `immagini`
--

INSERT INTO `immagini` (`id_immagine`, `id_oggetto`, `path`) VALUES
(1, 1, 'assets/img/internet/gonfalone.jpg'),
(2, 2, 'assets/img/internet/gonfalone.jpg'),
(3, 3, 'assets/img/internet/gonfalone.jpg'),
(4, 4, 'assets/img/internet/gonfalone.jpg'),
(5, 5, 'assets/img/internet/gonfalone.jpg'),
(6, 6, 'assets/img/internet/gonfalone.jpg'),
(7, 7, 'assets/img/internet/gonfalone.jpg'),
(8, 8, 'assets/img/internet/gonfalone.jpg'),
(9, 9, 'assets/img/internet/gonfalone.jpg'),
(10, 10, 'assets/img/macbook-pro.jpg'),
(11, 11, 'assets/img/macbook-pro.jpg'),
(12, 12, 'assets/img/macbook-pro.jpg'),
(13, 13, 'assets/img/macbook-pro.jpg'),
(14, 14, 'assets/img/macbook-pro.jpg'),
(15, 15, 'assets/img/macbook-pro.jpg'),
(16, 16, 'assets/img/internet/IMG_1880.jpg'),
(17, 17, 'assets/img/macbook-pro.jpg'),
(18, 18, 'assets/img/macbook-pro.jpg'),
(19, 19, 'assets/img/macbook-pro.jpg'),
(20, 20, 'assets/img/macbook-pro.jpg'),
(21, 21, 'assets/img/macbook-pro.jpg'),
(22, 22, 'assets/img/macbook-pro.jpg'),
(23, 23, 'assets/img/macbook-pro.jpg'),
(24, 24, 'assets/img/macbook-pro.jpg'),
(25, 25, 'assets/img/macbook-pro.jpg'),
(26, 26, 'assets/img/internet/DSC_0017 (3).jpg'),
(27, 27, 'assets/img/internet/pag.jpg'),
(28, 28, 'assets/img/internet/IMG_1892 2.jpg'),
(29, 29, 'assets/img/internet/filosofia.jpg'),
(30, 30, 'assets/img/internet/diplomi.jpg'),
(32, 32, 'assets/img/macbook-pro.jpg'),
(33, 33, 'assets/img/macbook-pro.jpg'),
(34, 34, 'assets/img/macbook-pro.jpg'),
(35, 35, 'assets/img/macbook-pro.jpg'),
(36, 36, 'assets/img/macbook-pro.jpg'),
(37, 37, 'assets/img/macbook-pro.jpg'),
(38, 38, 'assets/img/macbook-pro.jpg'),
(39, 39, 'assets/img/macbook-pro.jpg'),
(40, 40, 'assets/img/macbook-pro.jpg'),
(41, 41, 'assets/img/macbook-pro.jpg'),
(42, 42, 'assets/img/macbook-pro.jpg'),
(43, 43, 'assets/img/macbook-pro.jpg'),
(44, 44, 'assets/img/macbook-pro.jpg'),
(45, 45, 'assets/img/macbook-pro.jpg'),
(46, 46, 'assets/img/macbook-pro.jpg'),
(47, 47, 'assets/img/macbook-pro.jpg'),
(48, 48, 'assets/img/macbook-pro.jpg'),
(49, 49, 'assets/img/macbook-pro.jpg'),
(50, 50, 'assets/img/macbook-pro.jpg'),
(51, 51, 'assets/img/macbook-pro.jpg'),
(52, 52, 'assets/img/macbook-pro.jpg'),
(53, 53, 'assets/img/macbook-pro.jpg'),
(54, 54, 'assets/img/macbook-pro.jpg'),
(55, 55, 'assets/img/macbook-pro.jpg'),
(56, 56, 'assets/img/macbook-pro.jpg'),
(57, 57, 'assets/img/macbook-pro.jpg'),
(58, 58, 'assets/img/macbook-pro.jpg'),
(59, 59, 'assets/img/macbook-pro.jpg'),
(60, 60, 'assets/img/macbook-pro.jpg'),
(61, 61, 'assets/img/macbook-pro.jpg'),
(62, 62, 'assets/img/macbook-pro.jpg'),
(63, 63, 'assets/img/macbook-pro.jpg'),
(64, 64, 'assets/img/macbook-pro.jpg'),
(65, 65, 'assets/img/macbook-pro.jpg'),
(66, 66, 'assets/img/macbook-pro.jpg'),
(67, 67, 'assets/img/macbook-pro.jpg'),
(68, 68, 'assets/img/macbook-pro.jpg'),
(69, 69, 'assets/img/macbook-pro.jpg'),
(70, 70, 'assets/img/macbook-pro.jpg'),
(71, 71, 'assets/img/macbook-pro.jpg'),
(72, 72, 'assets/img/macbook-pro.jpg'),
(73, 73, 'assets/img/macbook-pro.jpg'),
(74, 74, 'assets/img/macbook-pro.jpg'),
(75, 75, 'assets/img/macbook-pro.jpg'),
(76, 76, 'assets/img/macbook-pro.jpg'),
(77, 77, 'assets/img/macbook-pro.jpg'),
(78, 78, 'assets/img/macbook-pro.jpg');

-- --------------------------------------------------------

--
-- Struttura della tabella `oggetto`
--

CREATE TABLE `oggetto` (
  `id_oggetto` int(11) NOT NULL,
  `id_collezione` int(10) DEFAULT NULL,
  `nome_ITA` varchar(80) CHARACTER SET utf8 NOT NULL,
  `nome_ENG` varchar(80) CHARACTER SET utf8 NOT NULL,
  `descrizione_ITA_adulti` text CHARACTER SET utf8 NOT NULL,
  `descrizione_ENG_adulti` text CHARACTER SET utf8 NOT NULL,
  `descrizione_ITA_bambini` text CHARACTER SET utf8 NOT NULL,
  `descrizione_ENG_bambini` text CHARACTER SET utf8 NOT NULL
) ENGINE=InnoDB DEFAULT CHARSET=latin1;

--
-- Dump dei dati per la tabella `oggetto`
--

INSERT INTO `oggetto` (`id_oggetto`, `id_collezione`, `nome_ITA`, `nome_ENG`, `descrizione_ITA_adulti`, `descrizione_ENG_adulti`, `descrizione_ITA_bambini`, `descrizione_ENG_bambini`) VALUES
(1, 2, 'Trionfo di Pallade,frammento di affresco', 'Triumph of Pallas, fragment', 'Rappresenta uno dei pochi frammenti superstiti presenti nell’affresco “Trionfo di Pallade”  di Olivio Sozzi per decorare la volta della Biblioteca Universitaria(oggi Biblioteca Regionale).', 'It represents one of the few surviving fragments present in the \"Triumph of Pallas\" fresco by Olivio Sozzi to decorate the vault of the University Library (today the Regional Library).', 'Rappresenta uno dei pochi frammenti superstiti presenti nell’affresco “Trionfo di Pallade”  di Olivio Sozzi per decorare la volta della Biblioteca Universitaria(oggi Biblioteca Regionale).', 'It represents one of the few surviving fragments present in the \"Triumph of Pallas\" fresco by Olivio Sozzi to decorate the vault of the University Library (today the Regional Library).'),
(2, 2, 'Ritratto, il trionfo di Pallade', 'Portrait, the triumph of Pallas', 'Il disegno rappresenta l’unica testimonianza artistica superstite dell’affresco settecentesco che adornava la volta del salone della Biblioteca Universitaria eseguita da Olivio Sozzi danneggiata dal terremoto del 1818 e dalle infiltrazioni d’acqua. L’odierna volta è stata disegnata e realizzata da Francesco Fichera(1949/50).', 'The drawing represents the only surviving artistic testimony of the eighteenth-century fresco that adorned the vault of the hall of the University Library made by Olivio Sozzi damaged by the 1818 earthquake and water infiltrations. Today\'s vault was designed and built by Francesco Fichera (1949/50)', 'Il disegno rappresenta l’unica testimonianza artistica superstite dell’affresco settecentesco che adornava la volta del salone della Biblioteca Universitaria eseguita da Olivio Sozzi danneggiata dal terremoto del 1818 e dalle infiltrazioni d’acqua. L’odierna volta è stata disegnata e realizzata da Francesco Fichera(1949/50)', 'The drawing represents the only surviving artistic testimony of the eighteenth-century fresco that adorned the vault of the hall of the University Library made by Olivio Sozzi damaged by the 1818 earthquake and water infiltrations. Today\'s vault was designed and built by Francesco Fichera (1949/50)'),
(3, 1, 'Gonfalone ', 'Banner', 'Il gonfalone in velluto con ricami in laminato d\'oro e d\'argento, rappresenta uno degli antichi emblemi della città di Catania:l’elefante sormontato da Atena armata.Invece Atena/Minerva,simbolo della sapienza, ha come attributo la civetta e simboleggia l’Università etnea.', 'The velvet banner with gold and silver laminate embroidery represents one of the ancient emblems of the city of Catania: the elephant surmounted by armed Athena.Instead Athena / Minerva, symbol of wisdom, has the owl as its attribute and symbolizes the Etna University.', 'Il gonfalone in velluto con ricami in laminato d\'oro e d\'argento, rappresenta uno degli antichi emblemi della città di Catania:l’elefante sormontato da Atena armata.Invece Atena/Minerva,simbolo della sapienza, ha come attributo la civetta e simboleggia l’Università etnea.', 'The velvet banner with gold and silver laminate embroidery represents one of the ancient emblems of the city of Catania: the elephant surmounted by armed Athena.Instead Athena / Minerva, symbol of wisdom, has the owl as its attribute and symbolizes the Etna University.'),
(4, 2, 'Sigillo dell\'Università degli Studi di Catania in età Borbonica', 'Seal of the Bourbon University of Catania', 'Sigillo risalente all\'età borbonica', '\r\nSeal dating back to the Bourbon era', 'Sigillo risalente all\'età borbonica', '\r\nSeal dating back to the Bourbon era'),
(5, 2, 'Teca portasigillo', 'Seal case', 'Troviamo la rappresentazione della civetta,un uccello sacro alla Dea Atena ed la lettera greca “sigma” monogramma di σοφία(sapienza)', 'We find the representation of the owl, a bird sacred to the goddess Athena and the Greek letter \"sigma\" monogram of σοφία (wisdom)', 'Troviamo la rappresentazione della civetta,un uccello sacro alla Dea Atena ed la lettera greca “sigma” monogramma di σοφία(sapienza)', 'We find the representation of the owl, a bird sacred to the goddess Athena and the Greek letter \"sigma\" monogram of σοφία (wisdom)'),
(6, 2, 'Sigillo dell\'Università degli Studi di Catania', '\r\nSeal of the University of Catania', 'Rappresenta un sigillo risalente al 1861 con lo stemma di casa Savoia.\r\n', 'It represents a seal dating back to 1861 with the coat of arms of the Savoy house.', 'Rappresenta un sigillo risalente al 1861 con lo stemma di casa Savoia.\r\n', 'It represents a seal dating back to 1861 with the coat of arms of the Savoy house.'),
(7, 2, 'Documento ', '\r\nDocument', 'Documento risalente al 20 Settembre 1934, firmato dal Capo del Governo Benito Mussolini,contenente disposizioni in merito al nuovo sigillo dell’Università di Catania.', 'Document dated September 20, 1934, signed by the Head of Government Benito Mussolini, containing provisions regarding the new seal of the University of Catania.', 'Documento risalente al 20 Settembre 1934, firmato dal Capo del Governo Benito Mussolini,contenente disposizioni in merito al nuovo sigillo dell’Università di Catania.', 'Document dated September 20, 1934, signed by the Head of Government Benito Mussolini, containing provisions regarding the new seal of the University of Catania.'),
(8, 2, 'Medaglia raffigurante Alfonso d\'Aragona', 'Medal depicting Alfonso of Aragon', 'Medaglia emessa dall’Università degli Studi di Catania nel 1934 in occasione del 500 anniversario della sua fondazione. Troviamo la raffigurazione di Alfonso d’Aragona nel recto ed il sigillo accademico sul verso.', 'Medal issued by the University of Catania in 1934 on the occasion of the 500 anniversary of its foundation. We find the representation of Alfonso of Aragon in the recto and the academic seal on the reverse.', 'Medaglia emessa dall’Università degli Studi di Catania nel 1934 in occasione del 500 anniversario della sua fondazione. Troviamo la raffigurazione di Alfonso d’Aragona nel recto ed il sigillo accademico sul verso.', 'Medal issued by the University of Catania in 1934 on the occasion of the 500 anniversary of its foundation. We find the representation of Alfonso of Aragon in the recto and the academic seal on the reverse.'),
(9, 2, 'Matrice per la medaglia', 'Medal matrix', 'Rappresenta una matrice per la medaglia emessa dall’Università degli Studi di Catania nel 1984,in occasione del 550° anniversario della sua fondazione, raffigurante Alfonso d’Aragona', 'It represents a matrix for the medal issued by the University of Catania in 1984, on the occasion of the 550th anniversary of its foundation, depicting Alfonso of Aragon', 'Rappresenta una matrice per la medaglia emessa dall’Università degli Studi di Catania nel 1984,in occasione del 550° anniversario della sua fondazione, raffigurante Alfonso d’Aragona', 'It represents a matrix for the medal issued by the University of Catania in 1984, on the occasion of the 550th anniversary of its foundation, depicting Alfonso of Aragon'),
(10, 2, 'Medaglia raffigurante il sigillo accademico', '\r\nMedal depicting the academic seal', 'Medaglia raffigurante il sigillo accademico,coniata in occasione del 550° anniversario della fondazione dell’Università di Catania nel 1984.\r\n', '\r\nMedal depicting the academic seal, coined on the occasion of the 550th anniversary of the foundation of the University of Catania in 1984.', 'Medaglia raffigurante il sigillo accademico,coniata in occasione del 550° anniversario della fondazione dell’Università di Catania nel 1984.\r\n', '\r\nMedal depicting the academic seal, coined on the occasion of the 550th anniversary of the foundation of the University of Catania in 1984.'),
(11, 2, 'Ritratto di Giovanni De Primis', 'Portrait of Giovanni De Primis', 'Giovanni De Primis, vescovo e cardinale, fu una figura fondamentale per la storia dell’Ateneo. Nel 1444 ottenne da papa Eugenio IV la bolla pontificia di fondazione dell’Università degli Studi di Catania', 'Giovanni De Primis,bishop and cardinal, was a fundamental figure in the history of the University. In 1444 he obtained the papal bull of foundation of the University of Catania from Pope Eugene IV', 'Giovanni De Primis, vescovo e cardinale, fu una figura fondamentale per la storia dell’Ateneo. Nel 1444 ottenne da papa Eugenio IV la bolla pontificia di fondazione dell’Università degli Studi di Catania', 'Giovanni De Primis,bishop and cardinal, was a fundamental figure in the history of the University. In 1444 he obtained the papal bull of foundation of the University of Catania from Pope Eugene IV'),
(12, 2, 'Diplomi', '\r\nDiplomas', 'Sono esposti quattro dei numeri diplomi pervenuti da università ed accademie di tutto il mondo in occasione del V centenario dell’Università di Catania nel 1934. Essi sono tutti in pergamena e furono inviati come messaggio di augurio dalle Università di Bologna,Malta,Cattolica del Sacro Cuore e Pontificia Università Gregoriana.', 'Four of the numbers of diplomas received from universities and academies from all over the world on the occasion of the fifth centenary of the University of Catania in 1934 are displayed. They are all in parchment and were sent as a message of good wishes from the Universities of Bologna, Malta, Cattolica del Sacro Heart and Pontifical Gregorian University', 'Sono esposti quattro dei numeri diplomi pervenuti da università ed accademie di tutto il mondo in occasione del V centenario dell’Università di Catania nel 1934. Essi sono tutti in pergamena e furono inviati come messaggio di augurio dalle Università di Bologna,Malta,Cattolica del Sacro Cuore e Pontificia Università Gregoriana', 'Four of the numbers of diplomas received from universities and academies from all over the world on the occasion of the fifth centenary of the University of Catania in 1934 are displayed. They are all in parchment and were sent as a message of good wishes from the Universities of Bologna, Malta, Cattolica del Sacro Heart and Pontifical Gregorian University'),
(13, 2, 'Busto di Mario Rapisardi', 'Bust of Mario Rapisardi', 'Troviamo il busto di Mario Rapisardi (1844-1912), poeta di grande successo a Catania e noto traduttore di classici e di autori stranieri. Insegnò Letturatura Italiana all’Università di Catania dal 1870 al 1912.', 'We find the bust of Mario Rapisardi (1844-1912), a highly successful poet in Catania and a well-known translator of classics and foreign authors. He taught Italian Literature at the University of Catania from 1870 to 1912.', 'Troviamo il busto di Mario Rapisardi (1844-1912), poeta di grande successo a Catania e noto traduttore di classici e di autori stranieri. Insegnò Letturatura Italiana all’Università di Catania dal 1870 al 1912.', 'We find the bust of Mario Rapisardi (1844-1912), a highly successful poet in Catania and a well-known translator of classics and foreign authors. He taught Italian Literature at the University of Catania from 1870 to 1912.'),
(14, 2, 'Ritratto di Giuseppe Ferro', 'Portrait of Giuseppe Ferro', 'Giuseppe Ferro ,”professore delle dimostrazioni fisiche all’Università”, scienziato e naturalista, fu un rinomato costruttore e perfezionatore di strumenti fisici e matematici.', 'Giuseppe Ferro, \"professor of physical demonstrations at the University\", scientist and naturalist, was a renowned builder and perfector of physical and mathematical tools.', 'Giuseppe Ferro ,”professore delle dimostrazioni fisiche all’Università”, scienziato e naturalista, fu un rinomato costruttore e perfezionatore di strumenti fisici e matematici.', 'Giuseppe Ferro, \"professor of physical demonstrations at the University\", scientist and naturalist, was a renowned builder and perfector of physical and mathematical tools.'),
(15, 2, 'Ritratto di Luigi Capuana', 'Portrait of Luigi Capuana', 'Luigi Capuana (1839,19159),poeta e scrittore, rappresentante del Verismo insieme a Giovanni Verga. Insegnò Letturatura italiana all’Università di Catania e fu professore ordinario di Lessicografia e stile italiano negli anni 1902-1014.', 'Luigi Capuana (1839,19159), poet and writer, representative of Verismo together with Giovanni Verga. He taught Italian literature at the University of Catania and was an ordinary professor of Lexicography and Italian style in the years 1902-1014.', 'Luigi Capuana (1839,19159),poeta e scrittore, rappresentante del Verismo insieme a Giovanni Verga. Insegnò Letturatura italiana all’Università di Catania e fu professore ordinario di Lessicografia e stile italiano negli anni 1902-1014.', 'Luigi Capuana (1839,19159), poet and writer, representative of Verismo together with Giovanni Verga. He taught Italian literature at the University of Catania and was an ordinary professor of Lexicography and Italian style in the years 1902-1014.'),
(16, 2, 'Episodio di vita universitaria', 'University life episode', 'Bozzetto realizzato da Natale Attanasio nel 1898 presentato come proposte per la nuova decorazione dell’aula magna. L’autore è un catanese attivo a Napoli ed il suo stile è caratterizzato da un realismo di stampo verista.', 'Sketch made by Natale Attanasio in 1898 presented as proposals for the new decoration of the main hall. The author is from Catania and is active in Naples and his style is characterized by realistic realism.', 'Bozzetto realizzato da Natale Attanasio nel 1898 presentato come proposte per la nuova decorazione dell’aula magna. L’autore è un catanese attivo a Napoli ed il suo stile è caratterizzato da un realismo di stampo verista.', 'Sketch made by Natale Attanasio in 1898 presented as proposals for the new decoration of the main hall. The author is from Catania and is active in Naples and his style is characterized by realistic realism.'),
(17, 2, 'Ritratto di Raimondo Noce', 'Portrait of Raimondo Noce', 'Raimondo Noce (1792-1858),docente di Storia ecclesiastica ed autore di diversi scritti teologici e filosofici. Fu socio dell’Accademia Gioenia e dell’Istituto reale di Scienze ed arti.', 'Raimondo Noce (1792-1858), professor of ecclesiastical history and author of various theological and philosophical writings. He was a member of the Gioenia Academy and the Royal Institute of Sciences and Arts.', 'Raimondo Noce (1792-1858),docente di Storia ecclesiastica ed autore di diversi scritti teologici e filosofici. Fu socio dell’Accademia Gioenia e dell’Istituto reale di Scienze ed arti.', 'Raimondo Noce (1792-1858), professor of ecclesiastical history and author of various theological and philosophical writings. He was a member of the Gioenia Academy and the Royal Institute of Sciences and Arts.'),
(18, 2, 'Ritratto di Raimondo Platania', 'Portrait of Raimondo Platania', '', '', '', ''),
(19, 2, 'Ritratto di Francesco Ferrara', 'Portrait of Francesco Ferrara', 'Francesco Ferrara(1767-1850), sacerdote e laureato in filosofia e medicina all’Univeristà di Catania,fu uno studioso eclettico e versatile,dedito agli studi scientifici ed umanistici. Insegnò, inoltre, diverse cose nelle Università di Catania e di Palermo. Autore di opere come Storia di Catania e Storia generale di Sicilia.', 'Francesco Ferrara (1767-1850), priest and graduate in philosophy and medicine from the University of Catania, was an eclectic and versatile scholar, dedicated to scientific and humanistic studies. He also taught several things in the universities of Catania and Palermo. Author of works such as History of Catania and General History of Sicily.', 'Francesco Ferrara(1767-1850), sacerdote e laureato in filosofia e medicina all’Univeristà di Catania,fu uno studioso eclettico e versatile,dedito agli studi scientifici ed umanistici. Insegnò, inoltre, diverse cose nelle Università di Catania e di Palermo. Autore di opere come Storia di Catania e Storia generale di Sicilia.', 'Francesco Ferrara (1767-1850), priest and graduate in philosophy and medicine from the University of Catania, was an eclectic and versatile scholar, dedicated to scientific and humanistic studies. He also taught several things in the universities of Catania and Palermo. Author of works such as History of Catania and General History of Sicily.'),
(20, 2, 'Ritratto di Nicolò Tezzano', 'Portrait of Nicolò Tezzano', 'Nicolò Tezzano(1659-1728),professore di Medicina e Chirurgia nello Studio Etneo,Protomedico del Regno di Sicilia. Dopo il terremoto del 1693 donò a Catania il palazzo costuito a sue spese alla Porta di Aci (odierna Piazza Stesicoro), come sede dell’ospedale di San Marco, lì attivo fino agli anni Ottanta dell’ottocento.', 'Nicolò Tezzano (1659-1728), professor of Medicine and Surgery in the Etneo Studio, Protomedico of the Kingdom of Sicily. After the earthquake of 1693, he donated the palace built at his expense to the Porta di Aci (today\'s Piazza Stesicoro), as the seat of the hospital of San Marco, which was active there until the eighties of the nineteenth century.', 'Nicolò Tezzano(1659-1728),professore di Medicina e Chirurgia nello Studio Etneo,Protomedico del Regno di Sicilia. Dopo il terremoto del 1693 donò a Catania il palazzo costuito a sue spese alla Porta di Aci (odierna Piazza Stesicoro), come sede dell’ospedale di San Marco, lì attivo fino agli anni Ottanta dell’ottocento.', 'Nicolò Tezzano (1659-1728), professor of Medicine and Surgery in the Etneo Studio, Protomedico of the Kingdom of Sicily. After the earthquake of 1693, he donated the palace built at his expense to the Porta di Aci (today\'s Piazza Stesicoro), as the seat of the hospital of San Marco, which was active there until the eighties of the nineteenth century.'),
(21, 2, 'Ritratto di Caronda', 'Portrait of Caronda', 'Caronda(VI sec. a.C.), uno dei più famosi legislatori dell’antichità greca, fu autore della legislazione di Catania, che fu poi adottata da altre città calcidesi della Magna Grecia. Al suo magistero catanese risalirebbe la fondazione di una scuola giuridica.', 'Caronda (6th century BC), one of the most famous legislators of Greek antiquity, was the author of the legislation of Catania, which was later adopted by other Chalcidian cities of Magna Grecia. The founding of a legal school dates back to his Catania teaching.', 'Caronda(VI sec. a.C.), uno dei più famosi legislatori dell’antichità greca, fu autore della legislazione di Catania, che fu poi adottata da altre città calcidesi della Magna Grecia. Al suo magistero catanese risalirebbe la fondazione di una scuola giuridica.', 'Caronda (6th century BC), one of the most famous legislators of Greek antiquity, was the author of the legislation of Catania, which was later adopted by other Chalcidian cities of Magna Grecia. The founding of a legal school dates back to his Catania teaching.'),
(22, 2, 'Ritratto di Stesicoro', 'Portrait of Stesicoro', 'Tisia di Imera(VI sec.a.C), fu suprannominato Stesicoro per la sua professione di ordinatore di cori. Poeta greco,considerato una sorta di Omero lirico,visse gli ultimi anni della sua vita a Catania, dove pare sia stato sepolto.', 'Tisia di Imera (6th century BC), was nicknamed Stesicoro for his profession as choir organizer. Greek poet, considered a sort of lyrical Homer, lived the last years of his life in Catania, where he seems to have been buried.', 'Tisia di Imera(VI sec.a.C), fu suprannominato Stesicoro per la sua professione di ordinatore di cori. Poeta greco,considerato una sorta di Omero lirico,visse gli ultimi anni della sua vita a Catania, dove pare sia stato sepolto.', 'Tisia di Imera (6th century BC), was nicknamed Stesicoro for his profession as choir organizer. Greek poet, considered a sort of lyrical Homer, lived the last years of his life in Catania, where he seems to have been buried.'),
(23, 2, 'Ritratto di Salvatore Maiorana Calatabiano', 'Portrait of Salvatore Maiorana Calatabiano', 'Salvatore Maiorana Calatabiano (1825-1897),laureato a Catania in Giurisprudenza ed avvocato. Patriota e liberale,percorse una brillante carriera politica ed accademica. Fu deputato, senatore del Regno di Italia e per ben due volte ministro di Agricoltura, industria e commercio. Insegnò nelle Università di Catania e Messina, difendendole in Parlamento(1885), chiedendone il pareggiamento a quelle di primo ordine.', 'Salvatore Maiorana Calatabiano (1825-1897), law graduate in Catania and lawyer. Patriot and liberal, he followed a brilliant political and academic career. He was a deputy, senator of the Kingdom of Italy and twice minister of Agriculture, industry and commerce. He taught at the Universities of Catania and Messina, defending them in Parliament (1885), asking for their balance with those of the first order.', 'Salvatore Maiorana Calatabiano (1825-1897),laureato a Catania in Giurisprudenza ed avvocato. Patriota e liberale,percorse una brillante carriera politica ed accademica. Fu deputato, senatore del Regno di Italia e per ben due volte ministro di Agricoltura, industria e commercio. Insegnò nelle Università di Catania e Messina, difendendole in Parlamento(1885), chiedendone il pareggiamento a quelle di primo ordine.', 'Salvatore Maiorana Calatabiano (1825-1897), law graduate in Catania and lawyer. Patriot and liberal, he followed a brilliant political and academic career. He was a deputy, senator of the Kingdom of Italy and twice minister of Agriculture, industry and commerce. He taught at the Universities of Catania and Messina, defending them in Parliament (1885), asking for their balance with those of the first order.'),
(24, 3, 'Vetrina I', 'Showcase I', 'Sono esposte le numerose monografie che ogni anno l’Archivio pubblica con le case editrice più prestigiose coinvolgendo i maggiori esperti di ceramografia greca. Inoltre sono esposte alcune schede: in ogni vaso è inserita una riproduzione fotografica, indicazione città, Museo di appartenenza,numero di inventario e provenienza, bibliografia principale e cronologia.', 'The numerous monographs that the Archives publish every year with the most prestigious publishing houses involving the greatest experts in Greek ceramography are on display. In addition, some cards are displayed: in each vase there is a photographic reproduction, city indication, Museum of belonging, inventory number and provenance, main bibliography and chronology.', 'Sono esposte le numerose monografie che ogni anno l’Archivio pubblica con le case editrice più prestigiose coinvolgendo i maggiori esperti di ceramografia greca. Inoltre sono esposte alcune schede: in ogni vaso è inserita una riproduzione fotografica, indicazione città, Museo di appartenenza,numero di inventario e provenienza, bibliografia principale e cronologia.', 'The numerous monographs that the Archives publish every year with the most prestigious publishing houses involving the greatest experts in Greek ceramography are on display. In addition, some cards are displayed: in each vase there is a photographic reproduction, city indication, Museum of belonging, inventory number and provenance, main bibliography and chronology.'),
(25, 3, 'Vetrina II', 'Showcase II', 'Sono esposti i pannelli didattici che illustrano il rapporto tra teatro tragico di Atene e le immagini dipinte sui vasi, in particolare le rappresentazioni vascolari con le tragedie scritte nel V secolo a.C. da Eschilo e Sofocle; pannelli didattici che illustrano invece il rapporto stilistico e tematico tra ceramica e scultura ed infine due pannelli che illustrano la distribuzione in epoca arcaica della ceramica attica in tutto il Mediterraneo ed il percorso che le navi compievano per raggiungere i mercati di vendita.', 'The didactic panels illustrating the relationship between the tragic theater of Athens and the images painted on the vases are exposed, in particular the vascular representations with the tragedies written in the fifth century BC. from Aeschylus and Sophocles; didactic panels that illustrate the stylistic and thematic relationship between ceramics and sculpture and finally two panels that illustrate the distribution in the archaic era of Attic ceramics throughout the Mediterranean and the path that ships took to reach the sales markets.', 'Sono esposti i pannelli didattici che illustrano il rapporto tra teatro tragico di Atene e le immagini dipinte sui vasi, in particolare le rappresentazioni vascolari con le tragedie scritte nel V secolo a.C. da Eschilo e Sofocle; pannelli didattici che illustrano invece il rapporto stilistico e tematico tra ceramica e scultura ed infine due pannelli che illustrano la distribuzione in epoca arcaica della ceramica attica in tutto il Mediterraneo ed il percorso che le navi compievano per raggiungere i mercati di vendita.', 'The didactic panels illustrating the relationship between the tragic theater of Athens and the images painted on the vases are exposed, in particular the vascular representations with the tragedies written in the fifth century BC. from Aeschylus and Sophocles; didactic panels that illustrate the stylistic and thematic relationship between ceramics and sculpture and finally two panels that illustrate the distribution in the archaic era of Attic ceramics throughout the Mediterranean and the path that ships took to reach the sales markets.'),
(26, 4, 'Corpus IurisCivilis, DigestumVetus', 'Corpus IurisCivilis, DigestumVetus', 'La monumentale compilazione normativa dell’Imperatore Giustiniano, nella quale era raccolta la sapienza giuridica del mondo romano, fu oggetto di studio nel XII secolo diventando la base normativa per la cultura del iuscommune civile.\r\nFin dal secolo XIII nella tradizione manoscritta, poi nelle edizioni a stampa a partire dalla seconda metà del XV secolo, il Corpus Giustinianeo fu corredato dalla glossa ordinario di Accursio, visibile ai margini del testo nella versione qui esposta.\r\n\r\n', 'The monumental normative compilation of the Emperor Justinian, in which the juridical knowledge of the Roman world was collected, was studied in the XII century becoming the normative basis for the culture of the civil iuscommune.\r\nSince the thirteenth century in the handwritten tradition, then in printed editions from the second half of the fifteenth century, the Corpus Justinian was accompanied by the ordinary gloss of Accursio, visible at the margins of the text in the version shown here.', 'La monumentale compilazione normativa dell’Imperatore Giustiniano, nella quale era raccolta la sapienza giuridica del mondo romano, fu oggetto di studio nel XII secolo diventando la base normativa per la cultura del iuscommune civile.\r\nFin dal secolo XIII nella tradizione manoscritta, poi nelle edizioni a stampa a partire dalla seconda metà del XV secolo, il Corpus Giustinianeo fu corredato dalla glossa ordinario di Accursio, visibile ai margini del testo nella versione qui esposta.\r\n', 'The monumental normative compilation of the Emperor Justinian, in which the juridical knowledge of the Roman world was collected, was studied in the XII century becoming the normative basis for the culture of the civil iuscommune.\r\nSince the thirteenth century in the handwritten tradition, then in printed editions from the second half of the fifteenth century, the Corpus Justinian was accompanied by the ordinary gloss of Accursio, visible at the margins of the text in the version shown here.'),
(27, 4, 'Decretum di Graziano', 'Decretum di Graziano', 'Rappresenta il primo pilastro del Corpus Iuris Canonici, corpo normativo della Chiesa Cattaloci nei secoli XII-XV, l’autore fu il monaco Graziano.\r\nComposta verso il 1140, la Concordia discordantiumcanonum che rappresenta una collezione di testi normativi di diversa origine, imponendosi come libro di autorità sul quale si basava la formazione dei giuristi esperti nel diritto della Chiesa. È importante sottolineare che il Corpus Iuris Canonici ed il Corpus IurisCivilis costituirono le basi di una cultura diffusa attraverso l’insegnamento universitario nella quale ritroviamo i fondamenti del patrimonio giuridico comune della cività occidentale.\r\n', 'It represents the first pillar of the Corpus Iuris Canonici, normative body of the Cattaloci Church in the XII-XV centuries, the author was the monk Graziano.\r\nComposed around 1140, the Concordia discordantiumcanonum which represents a collection of normative texts of different origins, imposing itself as a book of authority on which the training of jurists expert in Church law was based. It is important to underline that the Corpus Iuris Canonici and the Corpus IurisCivilis constituted the basis of a culture spread through university teaching in which we find the foundations of the common legal heritage of western city.', 'Rappresenta il primo pilastro del Corpus Iuris Canonici, corpo normativo della Chiesa Cattaloci nei secoli XII-XV, l’autore fu il monaco Graziano.\r\nComposta verso il 1140, la Concordia discordantiumcanonum che rappresenta una collezione di testi normativi di diversa origine, imponendosi come libro di autorità sul quale si basava la formazione dei giuristi esperti nel diritto della Chiesa. È importante sottolineare che il Corpus Iuris Canonici ed il Corpus IurisCivilis costituirono le basi di una cultura diffusa attraverso l’insegnamento universitario nella quale ritroviamo i fondamenti del patrimonio giuridico comune della cività occidentale.\r\n', 'It represents the first pillar of the Corpus Iuris Canonici, normative body of the Cattaloci Church in the XII-XV centuries, the author was the monk Graziano.\r\nComposed around 1140, the Concordia discordantiumcanonum which represents a collection of normative texts of different origins, imposing itself as a book of authority on which the training of jurists expert in Church law was based. It is important to underline that the Corpus Iuris Canonici and the Corpus IurisCivilis constituted the basis of a culture spread through university teaching in which we find the foundations of the common legal heritage of western city.'),
(28, 4, 'Il medico fiscale,Novissima Praxis', 'Il medico fiscale,Novissima Praxis', 'Il trattato di Orazio Greco, intitolato il medico fiscale è una delle prime trattazione di medicina legale ed è incluso nella Novissima PraxisCriminalis et CIvilis di Agnello de Sarno. La quarta sezione del trattato presenta una descizione delle forme di tortura giudiziaria nel secolo XVIII presso il tribunale della Vicaria di Napoli. La sezion, inoltre, è corredata di alcune incisioni che illustrano le diverse modalità di tormenti descritti dall’autore. Il volume è qui aperto alla p.488, con l’immagine che rappresenta il “tormento della corda”.', 'The treatise by Orazio Greco, entitled the fiscal doctor, is one of the first treatises on forensic medicine and is included in Agnello de Sarno\'s Novissima PraxisCriminalis et CIvilis. The fourth section of the treaty presents a description of the forms of judicial torture in the eighteenth century at the court of the Vicariate of Naples. The section is also accompanied by some engravings that illustrate the different ways of torment described by the author. The volume is open here on p.488, with the image representing the \"torment of the rope\".', 'Il trattato di Orazio Greco, intitolato il medico fiscale è una delle prime trattazione di medicina legale ed è incluso nella Novissima PraxisCriminalis et CIvilis di Agnello de Sarno. La quarta sezione del trattato presenta una descizione delle forme di tortura giudiziaria nel secolo XVIII presso il tribunale della Vicaria di Napoli. La sezion, inoltre, è corredata di alcune incisioni che illustrano le diverse modalità di tormenti descritti dall’autore. Il volume è qui aperto alla p.488, con l’immagine che rappresenta il “tormento della corda”.', 'The treatise by Orazio Greco, entitled the fiscal doctor, is one of the first treatises on forensic medicine and is included in Agnello de Sarno\'s Novissima PraxisCriminalis et CIvilis. The fourth section of the treaty presents a description of the forms of judicial torture in the eighteenth century at the court of the Vicariate of Naples. The section is also accompanied by some engravings that illustrate the different ways of torment described by the author. The volume is open here on p.488, with the image representing the \"torment of the rope\".'),
(29, 4, 'Diploma di Laurea in filosofia e medicina', 'Degree in philosophy and medicine', 'Diploma risalente al 1715, il laureato era il catanese Francesco Gagliano e il titolo di Dottore è conferito dal vescovo di Catania Andrea Riggio.', 'Diploma dating back to 1715, the graduate was Francesco Gagliano from Catania and the title of Doctor is conferred by the bishop of Catania Andrea Riggio.', 'Diploma risalente al 1715, il laureato era il catanese Francesco Gagliano e il titolo di Dottore è conferito dal vescovo di Catania Andrea Riggio.', 'Diploma dating back to 1715, the graduate was Francesco Gagliano from Catania and the title of Doctor is conferred by the bishop of Catania Andrea Riggio.'),
(30, 4, 'Diploma di Laurea in utroque iure', 'Diploma di Laurea in utroque iure', 'Diploma di laurea in diritto civile e diritto canonico,1677. Il laureato è lo studente palermitano Natale Grifo ed il titolo di dottore è conferito dal vescovo di Catania Michelangelo Bonadies.', 'Bachelor\'s degree in civil and canon law, 1677. The graduate is the Palermo student Natale Grifo and the title of doctor is conferred by the bishop of Catania Michelangelo Bonadies.', 'Diploma di laurea in diritto civile e diritto canonico,1677. Il laureato è lo studente palermitano Natale Grifo ed il titolo di dottore è conferito dal vescovo di Catania Michelangelo Bonadies.', 'Bachelor\'s degree in civil and canon law, 1677. The graduate is the Palermo student Natale Grifo and the title of doctor is conferred by the bishop of Catania Michelangelo Bonadies.'),
(32, 5, 'Cannocchiale Astronomico', 'Astronomical telescope', 'Il cannocchiale qui esposto (metà 800) è del tipo “telescopio a riflessione” che sostituì nelle osservazioni astronomiche il telescopio galileiano o a rifrazione. Galileo, pur non essendo l’inventore, lo utilizzò per primo cambiando radicalmente il modo di pensare, la ricerca e lo studio dei fenomeni naturali.', 'The telescope shown here (mid 800) is of the \"reflection telescope\" type which replaced the Galilean or refractive telescope in astronomical observations. Galileo, although not the inventor, used it first, radically changing the way of thinking, research and study of natural phenomena.', 'Il cannocchiale qui esposto (metà 800) è del tipo “telescopio a riflessione” che sostituì nelle osservazioni astronomiche il telescopio galileiano o a rifrazione. Galileo, pur non essendo l’inventore, lo utilizzò per primo cambiando radicalmente il modo di pensare, la ricerca e lo studio dei fenomeni naturali.', 'The telescope shown here (mid 800) is of the \"reflection telescope\" type which replaced the Galilean or refractive telescope in astronomical observations. Galileo, although not the inventor, used it first, radically changing the way of thinking, research and study of natural phenomena.'),
(33, 5, 'Microscopio', 'Microscope', 'Questo miscoscropio(metà 700) è uno strumento di particolare pregio ed è composto da due lenti(obiettivo ed oculare)inserite in un tubo rigido detto tubo ottico. Questo, in cartone,si inserisce in un supporto cilindrico rivestito in pelle di razza. Lo completa uno specchietto riflettente sul tavolino sottostante al portaoggetti.', 'This miscoscrop (mid 700) is an instrument of particular value and is composed of two lenses (objective and ocular) inserted in a rigid tube called an optical tube. This, in cardboard, fits into a cylindrical support covered in stingray leather. A reflective mirror completes it on the table below the object holder.', 'Questo miscoscropio(metà 700) è uno strumento di particolare pregio ed è composto da due lenti(obiettivo ed oculare)inserite in un tubo rigido detto tubo ottico. Questo, in cartone,si inserisce in un supporto cilindrico rivestito in pelle di razza. Lo completa uno specchietto riflettente sul tavolino sottostante al portaoggetti.', 'This miscoscrop (mid 700) is an instrument of particular value and is composed of two lenses (objective and ocular) inserted in a rigid tube called an optical tube. This, in cardboard, fits into a cylindrical support covered in stingray leather. A reflective mirror completes it on the table below the object holder.'),
(34, 5, 'Spettroscopio a prisma', 'Prism spectroscope', 'Spettroscopio a prisma (metà 800) è uno strumento per la “scomposizione” della Luce,costituito da un collimatore, un cannocchiale ed un prisma triangolare, di vetro a elevato indice di rigrazione,attraverso cui la luce bianca incidente si scompone nelle sue componenti monocromatiche. Il fenomeno, noto come dispersione della luce, si rivelò un potente mezzo per determinare la composizione chimica delle sostanze.', 'Prism spectroscope (mid 800) is an instrument for the \"decomposition\" of Light, consisting of a collimator, a telescope and a triangular prism, made of glass with a high index of refraction, through which the incident white light breaks down into its monochromatic components . The phenomenon, known as light scattering, proved to be a powerful means of determining the chemical composition of substances.', 'Spettroscopio a prisma (metà 800) è uno strumento per la “scomposizione” della Luce,costituito da un collimatore, un cannocchiale ed un prisma triangolare, di vetro a elevato indice di rigrazione,attraverso cui la luce bianca incidente si scompone nelle sue componenti monocromatiche. Il fenomeno, noto come dispersione della luce, si rivelò un potente mezzo per determinare la composizione chimica delle sostanze.', 'Prism spectroscope (mid 800) is an instrument for the \"decomposition\" of Light, consisting of a collimator, a telescope and a triangular prism, made of glass with a high index of refraction, through which the incident white light breaks down into its monochromatic components . The phenomenon, known as light scattering, proved to be a powerful means of determining the chemical composition of substances.'),
(35, 5, 'Bottiglie di Leida', 'Bottles of Leida', 'Rappresentano l’esempio più antico di condensatore risalente alla seconda metà del 800. È costituita da un recipiente di vetro, le cui pareti interne ed esterne sono rivestite da una lamina sottile di alluminio e fungono da armature, il dialettrico è costituito dal vetro.', 'They represent the oldest example of condenser dating back to the second half of the 19th century. It consists of a glass container, whose internal and external walls are covered with a thin aluminum foil and act as armor, the dialector is made up of glass.', 'Rappresentano l’esempio più antico di condensatore risalente alla seconda metà del 800. È costituita da un recipiente di vetro, le cui pareti interne ed esterne sono rivestite da una lamina sottile di alluminio e fungono da armature, il dialettrico è costituito dal vetro.', 'They represent the oldest example of condenser dating back to the second half of the 19th century. It consists of a glass container, whose internal and external walls are covered with a thin aluminum foil and act as armor, the dialector is made up of glass.'),
(36, 5, 'Tubo di Crookes', 'Crookes tube', 'Grazie a questi “tubi” alla fine dell’800 si riuscì a studiare gli effetti delle scariche elettriche. Al loro interno,in cui è fatto il vuoto,infatti due elettodi vengono collegati ad una sorgente ad alta tensione,generando una scarica (raggi catodici). Infine, due grandi scoperte sono legate a questi tubi: l’elettrone e i raggi X.', 'Thanks to these \"pipes\" at the end of the 19th century it was possible to study the effects of electrical discharges. Inside them, where the vacuum is made, in fact two electrodes are connected to a high voltage source, generating a discharge (cathode rays). Finally, two great discoveries are related to these tubes: the electron and X-rays.', 'Grazie a questi “tubi” alla fine dell’800 si riuscì a studiare gli effetti delle scariche elettriche. Al loro interno,in cui è fatto il vuoto,infatti due elettodi vengono collegati ad una sorgente ad alta tensione,generando una scarica (raggi catodici). Infine, due grandi scoperte sono legate a questi tubi: l’elettrone e i raggi X.', 'Thanks to these \"pipes\" at the end of the 19th century it was possible to study the effects of electrical discharges. Inside them, where the vacuum is made, in fact two electrodes are connected to a high voltage source, generating a discharge (cathode rays). Finally, two great discoveries are related to these tubes: the electron and X-rays.'),
(37, 5, 'Eliostato di Silbermann', '\r\nSilbermann heliostat', 'Eliostato di Silbermann è uno strumento risalente alla seconda metà dell’800 utilizzato per esprimenti di ottica allo scopo di fornire un fascio di luce solare sotto una opportuna angolazione, costante nel tempo. Un sistema di specchi e meccanismo a orologeria permettono di “inseguire” il sole nel suo moto apparente. A fine del ‘800, servì all’Istituto di Fisica dell’Università di Catania per studi sulla depolarizzazione della luca polarizzata,rettilinearmente,ellitticamente e circolarmente\r\n\r\n', 'Silbermann\'s heliostat is an instrument dating back to the second half of the 19th century used for expressions of optics in order to provide a beam of sunlight under a suitable angle, constant over time. A system of mirrors and clockwork mechanism allow you to \"chase\" the sun in its apparent motion. At the end of the 19th century, it served at the Physics Institute of the University of Catania for studies on the polarized light\'s depolarization, rectilinearly, elliptically and circularly', 'Eliostato di Silbermann è uno strumento risalente alla seconda metà dell’800 utilizzato per esprimenti di ottica allo scopo di fornire un fascio di luce solare sotto una opportuna angolazione, costante nel tempo. Un sistema di specchi e meccanismo a orologeria permettono di “inseguire” il sole nel suo moto apparente. A fine del ‘800, servì all’Istituto di Fisica dell’Università di Catania per studi sulla depolarizzazione della luca polarizzata,rettilinearmente,ellitticamente e circolarmente', 'Silbermann\'s heliostat is an instrument dating back to the second half of the 19th century used for expressions of optics in order to provide a beam of sunlight under a suitable angle, constant over time. A system of mirrors and clockwork mechanism allow you to \"chase\" the sun in its apparent motion. At the end of the 19th century, it served at the Physics Institute of the University of Catania for studies on the polarized light\'s depolarization, rectilinearly, elliptically and circularly'),
(38, 5, 'Galvanometro di Thomson', 'Thomson galvanometer', 'Galvanometro di Thomson è uno strumento risalente alla fine dell’800 e permette di misurare la corrente elettrica di debole intensità attraverso i suoi effetti elettromagnetici, dal moto relativo tra un magnete ed una bobina in cui circola corrente. È esposto un esemplare della ricca collezione di galvanometri, che testimonia l’intensa attività di ricerca dei fisici catanesi su polarizzazione e depolarizzazione di lamine metalliche sottili,sulla trasparenza dei liquidi a onde hertziane e variazioni di resistenza in elettroliti, metalli e dielettrici.', 'Thomson\'s galvanometer is an instrument dating back to the end of the 19th century and allows you to measure the low intensity electric current through its electromagnetic effects, by the relative motion between a magnet and a coil in which current circulates. An example of the rich collection of galvanometers is exhibited, which testifies to the intense research activity of the Catania physicists on polarization and depolarization of thin metal sheets, on the transparency of Hertzian wave liquids and resistance variations in electrolytes, metals and dielectrics.', 'Galvanometro di Thomson è uno strumento risalente alla fine dell’800 e permette di misurare la corrente elettrica di debole intensità attraverso i suoi effetti elettromagnetici, dal moto relativo tra un magnete ed una bobina in cui circola corrente. È esposto un esemplare della ricca collezione di galvanometri, che testimonia l’intensa attività di ricerca dei fisici catanesi su polarizzazione e depolarizzazione di lamine metalliche sottili,sulla trasparenza dei liquidi a onde hertziane e variazioni di resistenza in elettroliti, metalli e dielettrici.', 'Thomson\'s galvanometer is an instrument dating back to the end of the 19th century and allows you to measure the low intensity electric current through its electromagnetic effects, by the relative motion between a magnet and a coil in which current circulates. An example of the rich collection of galvanometers is exhibited, which testifies to the intense research activity of the Catania physicists on polarization and depolarization of thin metal sheets, on the transparency of Hertzian wave liquids and resistance variations in electrolytes, metals and dielectrics.'),
(39, 5, 'Bilancia di Mohr-Westphal', 'Libra of Mohr-Westphal', 'Bilancia di Mohr-Westphal risalente alla seconda metà dell’800, costituira da una leva con bracci di lunghezza disuguale e permette di misurare la densità di un liquido per confronto tra la spinta idrostatica che un corpo solido riceve quando è immerso in acqua distillata e quando è invece di liquidi di densità sconosciuta.\r\n\r\n', 'Mohr-Westphal balance dating back to the second half of the 19th century, it will consist of a lever with unequal length arms and allows you to measure the density of a liquid by comparing the hydrostatic thrust that a solid body receives when it is immersed in distilled water and when it is instead of liquids of unknown density.', 'Bilancia di Mohr-Westphal risalente alla seconda metà dell’800, costituira da una leva con bracci di lunghezza disuguale e permette di misurare la densità di un liquido per confronto tra la spinta idrostatica che un corpo solido riceve quando è immerso in acqua distillata e quando è invece di liquidi di densità sconosciuta.\r\n', 'Mohr-Westphal balance dating back to the second half of the 19th century, it will consist of a lever with unequal length arms and allows you to measure the density of a liquid by comparing the hydrostatic thrust that a solid body receives when it is immersed in distilled water and when it is instead of liquids of unknown density.'),
(40, 5, 'Sirena di Cagnard de La Tour', 'Sirena di Cagnard de La Tour', 'Strumento risalente alla seconda metà dell’800 che permette di misurare la frequenza delle vibrazioni dell’aria che costituiscono il suono. Convogliano un getto d’aria sui dischi forati sovrapposti,questi si mettono in rotazione producendo il suono. La frequenza,inoltre, viene determinata dal numero di giri e da loro frazioni, letti sui quadranti in alto.', 'Instrument dating back to the second half of the 19th century that allows you to measure the frequency of air vibrations that make up sound. They convey a jet of air on the superimposed perforated discs, these rotate producing the sound. The frequency is also determined by the number of laps and their fractions, read on the dials at the top.', 'Strumento risalente alla seconda metà dell’800 che permette di misurare la frequenza delle vibrazioni dell’aria che costituiscono il suono. Convogliano un getto d’aria sui dischi forati sovrapposti,questi si mettono in rotazione producendo il suono. La frequenza,inoltre, viene determinata dal numero di giri e da loro frazioni, letti sui quadranti in alto.', 'Instrument dating back to the second half of the 19th century that allows you to measure the frequency of air vibrations that make up sound. They convey a jet of air on the superimposed perforated discs, these rotate producing the sound. The frequency is also determined by the number of laps and their fractions, read on the dials at the top.'),
(41, 5, 'Emisferi di Magdeburgo', 'Magdeburg hemispheres', 'Emisferi di Magdeburgo risalente alla seconda metà dell’800, costituito da due calotte di ottone e serve a mostrare gli effetti della pressione atmosferica. Quando le due calotte combaciano si può far fuoriuscire l’aria che vi è contenuta attraverso la valvola. ', 'Magdeburg hemispheres dating back to the second half of the 19th century, consisting of two brass caps and used to show the effects of atmospheric pressure. When the two caps match, the air contained in it can be released through the valve.', 'Emisferi di Magdeburgo risalente alla seconda metà dell’800, costituito da due calotte di ottone e serve a mostrare gli effetti della pressione atmosferica. Quando le due calotte combaciano si può far fuoriuscire l’aria che vi è contenuta attraverso la valvola. ', 'Magdeburg hemispheres dating back to the second half of the 19th century, consisting of two brass caps and used to show the effects of atmospheric pressure. When the two caps match, the air contained in it can be released through the valve.');
INSERT INTO `oggetto` (`id_oggetto`, `id_collezione`, `nome_ITA`, `nome_ENG`, `descrizione_ITA_adulti`, `descrizione_ENG_adulti`, `descrizione_ITA_bambini`, `descrizione_ENG_bambini`) VALUES
(42, 5, 'Anello di s’Gravesand', 'Ring of s’Gravesand', 'Anello di s’Gravesand è uno strumento risalente alla prima metà dell’800 e permette di dimostrare la dilatazione terminca volumetrica dei solidi. È costituto da un anello metallico entro il quale, a temperatura ordinaria, passa liberamente una sfera metallica. Se la sfera viene riscaldato non riesce più a passare attraverso l’anello, a causa della sua dilatazione volumetrica.', 'S’Gravesand ring is an instrument dating back to the first half of the 19th century and allows to demonstrate the volumetric termination dilation of solids. It consists of a metal ring inside which, at ordinary temperature, a metal sphere freely passes. If the sphere is heated it can no longer pass through the ring, due to its volumetric expansion.', 'Anello di s’Gravesand è uno strumento risalente alla prima metà dell’800 e permette di dimostrare la dilatazione terminca volumetrica dei solidi. È costituto da un anello metallico entro il quale, a temperatura ordinaria, passa liberamente una sfera metallica. Se la sfera viene riscaldato non riesce più a passare attraverso l’anello, a causa della sua dilatazione volumetrica.', 'S’Gravesand ring is an instrument dating back to the first half of the 19th century and allows to demonstrate the volumetric termination dilation of solids. It consists of a metal ring inside which, at ordinary temperature, a metal sphere freely passes. If the sphere is heated it can no longer pass through the ring, due to its volumetric expansion.'),
(43, 5, 'Pila di Volta', 'Volta stack', 'La Pila di Volta(metà ‘800) rappresenta un immagine emblematica dell’avvento dell’era dell’elettricità. Essa è formata da più coppie sovrapposte di dischi di rame e di zinco, intercalati da dischi di feltro inumiditi con una soluzione di acido solforico. Se i due poli vengono collegati con morsetti a un conduttore metallico, si genera passaggio di corrente.', 'The Pila di Volta (mid \'800) represents an emblematic image of the advent of the era of electricity. It is made up of several superimposed pairs of copper and zinc disks, interspersed with felt disks moistened with a sulfuric acid solution. If the two poles are connected with terminals to a metal conductor, current flows.', 'La Pila di Volta(metà ‘800) rappresenta un immagine emblematica dell’avvento dell’era dell’elettricità. Essa è formata da più coppie sovrapposte di dischi di rame e di zinco, intercalati da dischi di feltro inumiditi con una soluzione di acido solforico. Se i due poli vengono collegati con morsetti a un conduttore metallico, si genera passaggio di corrente.', 'The Pila di Volta (mid \'800) represents an emblematic image of the advent of the era of electricity. It is made up of several superimposed pairs of copper and zinc disks, interspersed with felt disks moistened with a sulfuric acid solution. If the two poles are connected with terminals to a metal conductor, current flows.'),
(44, 5, 'Elettroscopio a foglie', 'Leaf electroscope', 'Elettroscopio a foglie è uno strumento risalente alla prima metà dell’800 ed ha il seguente funzionamento: sfiorando il pomello metallico con un corpo carico elettricamente, le due lamine divergeranno. La vicinanza del corpo carico elettricamente produce la cosiddetta induzione elettrostatica. Le due lamine si caricheranno elettricamente e si respingeranno. Allontanando il corpo carica, le due lamine tornano ad avvicinarsi. \r\n\r\n', 'Leaf electroscope is an instrument dating back to the first half of the 19th century and has the following function: by touching the metal knob with an electrically charged body, the two sheets will diverge. The proximity of the electrically charged body produces the so-called electrostatic induction. The two plates will electrically charge and repel each other. Moving the loaded body away, the two laminae move closer again.', 'Elettroscopio a foglie è uno strumento risalente alla prima metà dell’800 ed ha il seguente funzionamento: sfiorando il pomello metallico con un corpo carico elettricamente, le due lamine divergeranno. La vicinanza del corpo carico elettricamente produce la cosiddetta induzione elettrostatica. Le due lamine si caricheranno elettricamente e si respingeranno. Allontanando il corpo carica, le due lamine tornano ad avvicinarsi. \r\n', 'Leaf electroscope is an instrument dating back to the first half of the 19th century and has the following function: by touching the metal knob with an electrically charged body, the two sheets will diverge. The proximity of the electrically charged body produces the so-called electrostatic induction. The two plates will electrically charge and repel each other. Moving the loaded body away, the two laminae move closer again.'),
(45, 5, 'Orologio Solare', 'Solar Clock', 'Orologio Solare risalente alla seconda metà dell’800 è uno strumento che permette la determinazione dell’ora diurna dalla semplice osservazione dell’inclinazione dei raggi solari. Orientando lo strumento verso nord, lo si regola sulla latitudine del luogo, quindi si fa ruotare la parte superiore sino a quando la lente focalizza il raggio di luce solare che indicherà mese,giorno e stagione esatti, mentre il quadrante indicherà l’ora.', 'Solar clock dating back to the second half of the 19th century is a tool that allows the determination of the daytime by simply observing the inclination of the sun\'s rays. By orienting the instrument to the north, you adjust it to the latitude of the place, then rotate the upper part until the lens focuses the ray of sunlight that will indicate the exact month, day and season, while the dial will indicate the time.', 'Orologio Solare risalente alla seconda metà dell’800 è uno strumento che permette la determinazione dell’ora diurna dalla semplice osservazione dell’inclinazione dei raggi solari. Orientando lo strumento verso nord, lo si regola sulla latitudine del luogo, quindi si fa ruotare la parte superiore sino a quando la lente focalizza il raggio di luce solare che indicherà mese,giorno e stagione esatti, mentre il quadrante indicherà l’ora.', 'Solar clock dating back to the second half of the 19th century is a tool that allows the determination of the daytime by simply observing the inclination of the sun\'s rays. By orienting the instrument to the north, you adjust it to the latitude of the place, then rotate the upper part until the lens focuses the ray of sunlight that will indicate the exact month, day and season, while the dial will indicate the time.'),
(46, 7, 'Progetti Fondo Francesco Fichera -1600 Disegni', 'Projects Francesco Fichera Fund -1600 Drawings', 'Francesco Fichera (Catania 1881-1950),figlio di Filadelfio Fichera, consegue la laurea in ingegneria ed Architettura,insegna presso l’Università di Catania ed in seguito si dedica alla libera professione realizzando numeroso opere edilizie pubbliche e private, ricercando uno stile moderno che trae origine dal sapere tradizionale', 'Francesco Fichera (Catania 1881-1950), son of Filadelfio Fichera, graduated in engineering and architecture, teaches at the University of Catania and later dedicates himself to the free profession by making numerous public and private building works, seeking a modern style that originates from traditional knowledge', 'Francesco Fichera (Catania 1881-1950),figlio di Filadelfio Fichera, consegue la laurea in ingegneria ed Architettura,insegna presso l’Università di Catania ed in seguito si dedica alla libera professione realizzando numeroso opere edilizie pubbliche e private, ricercando uno stile moderno che trae origine dal sapere tradizionale', 'Francesco Fichera (Catania 1881-1950), son of Filadelfio Fichera, graduated in engineering and architecture, teaches at the University of Catania and later dedicates himself to the free profession by making numerous public and private building works, seeking a modern style that originates from traditional knowledge'),
(47, 7, 'Palazzo di Giustizia', 'Justice palace', 'Per il progetto del tribunale, Fichera studia diverse soluzioni fino alla configurazione attuale che trae ispirazione dalla civiltà greca e romana. Egli crea un volume imponenete e squadrato, scavato all’interno da otto corti, con un grande portico in facciata con pilastri a tutta altezza e scandito su tre lati da paraste ad ordine gigante. In planimetria è costituito da una galleria centrale con nicchie laterali, alti ballatoi e un sistema di lucernari.', 'For the court project, Fichera studies different solutions up to the current configuration that draws inspiration from Greek and Roman civilization. He creates an imposing and square volume, excavated inside by eight courtyards, with a large portico on the facade with full-height pillars and marked on three sides by pilasters in a giant order. In planimetry it consists of a central gallery with lateral niches, high balconies and a system of skylights.', 'Per il progetto del tribunale, Fichera studia diverse soluzioni fino alla configurazione attuale che trae ispirazione dalla civiltà greca e romana. Egli crea un volume imponenete e squadrato, scavato all’interno da otto corti, con un grande portico in facciata con pilastri a tutta altezza e scandito su tre lati da paraste ad ordine gigante. In planimetria è costituito da una galleria centrale con nicchie laterali, alti ballatoi e un sistema di lucernari.', 'For the court project, Fichera studies different solutions up to the current configuration that draws inspiration from Greek and Roman civilization. He creates an imposing and square volume, excavated inside by eight courtyards, with a large portico on the facade with full-height pillars and marked on three sides by pilasters in a giant order. In planimetry it consists of a central gallery with lateral niches, high balconies and a system of skylights.'),
(48, 7, 'Casa sul mare', 'House on the sea', 'Risalente al 1933 ca, è una casa per le vacanze progettato su una scogliera, con giardino all’italiana. La villa a pianta quadrata si sviluppa su due livelli collegati da una scala che si sviluppa all’interno di una torretta quadrangolare ruotata di 45°. Il prospetto principale si affaccia sul mare ed è caratterizzato da ampie vetrate, che illuminano le zone giorno dei due piani.', 'Dating from around 1933, it is a holiday home designed on a cliff, with an Italian garden. The square-plan villa develops on two levels connected by a staircase that develops inside a quadrangular turret rotated 45 °. The main façade overlooks the sea and is characterized by large windows, which illuminate the living areas of the two floors.', 'Risalente al 1933 ca, è una casa per le vacanze progettato su una scogliera, con giardino all’italiana. La villa a pianta quadrata si sviluppa su due livelli collegati da una scala che si sviluppa all’interno di una torretta quadrangolare ruotata di 45°. Il prospetto principale si affaccia sul mare ed è caratterizzato da ampie vetrate, che illuminano le zone giorno dei due piani.', 'Dating from around 1933, it is a holiday home designed on a cliff, with an Italian garden. The square-plan villa develops on two levels connected by a staircase that develops inside a quadrangular turret rotated 45 °. The main façade overlooks the sea and is characterized by large windows, which illuminate the living areas of the two floors.'),
(49, 7, 'Cornucopia, Cinematografo Olimpya (1913),Piazza Stesicoro CT', 'Cornucopia, Cinematografo Olimpya (1913),Piazza Stesicoro CT', 'La Cornucopia, realizzata in ferro battuto e alta 4 metri, viene posto sull’angolo di Via Etnea come elemento identificativo del cinema. La grande sala è caratterizzata da una cupola ribassata in cemento armato e presenta decorazioni a tema floreale di Salvatore Gregorietti e Gaetano d’Emanuele.', 'The Cornucopia, made of wrought iron and 4 meters high, is placed on the corner of Via Etnea as an identifying element of the cinema. The large room is characterized by a lowered dome in reinforced concrete and has floral-themed decorations by Salvatore Gregorietti and Gaetano d’Emanuele.', 'La Cornucopia, realizzata in ferro battuto e alta 4 metri, viene posto sull’angolo di Via Etnea come elemento identificativo del cinema. La grande sala è caratterizzata da una cupola ribassata in cemento armato e presenta decorazioni a tema floreale di Salvatore Gregorietti e Gaetano d’Emanuele.', 'The Cornucopia, made of wrought iron and 4 meters high, is placed on the corner of Via Etnea as an identifying element of the cinema. The large room is characterized by a lowered dome in reinforced concrete and has floral-themed decorations by Salvatore Gregorietti and Gaetano d’Emanuele.'),
(50, 7, 'Incisioni Fondo Giovanni Battista', 'Engravings Fondo Giovanni Battista', '1048 tavole di incisioni di Giovanni Battista Piranesi (Venezia,1720-Roma 1778). Nel 1740 egli si reca per la prima volta a Roma con l’incarico di disegnatore e in quei anni diventa l’allievo di Giuseppe Vasi dal quale apprende i primi rudimenti tecnici dell’acquaforte.Le sue opere possono essere suddivise in tre diverse fasi: l’apprendistato, il vedutismo e l’ultimo periodo.', '1048 plates of engravings by Giovanni Battista Piranesi (Venice, 1720-Rome 1778). In 1740 he went to Rome for the first time with the role of designer and in those years he became the pupil of Giuseppe Vasi from whom he learned the first technical rudiments of etching. His works can be divided into three different phases: apprenticeship, landscape painting and the last period.', '1048 tavole di incisioni di Giovanni Battista Piranesi (Venezia,1720-Roma 1778). Nel 1740 egli si reca per la prima volta a Roma con l’incarico di disegnatore e in quei anni diventa l’allievo di Giuseppe Vasi dal quale apprende i primi rudimenti tecnici dell’acquaforte.Le sue opere possono essere suddivise in tre diverse fasi: l’apprendistato, il vedutismo e l’ultimo periodo.', '1048 plates of engravings by Giovanni Battista Piranesi (Venice, 1720-Rome 1778). In 1740 he went to Rome for the first time with the role of designer and in those years he became the pupil of Giuseppe Vasi from whom he learned the first technical rudiments of etching. His works can be divided into three different phases: apprenticeship, landscape painting and the last period.'),
(51, 7, 'Tempio antico e Camera sepolcrale', 'Ancient temple and burial chamber', 'Incisione risalente al periodo dell’apprendistato (1720-1745), caratterizzata da composizioni molto geometriche e lineari e della rappresentazioni di paesaggi di fantasia, avvicinandosi al genere del Capriccio.', 'Engraving dating back to the apprenticeship period (1720-1745), characterized by very geometric and linear compositions and the representation of fantasy landscapes, approaching the Capriccio genre.', 'Incisione risalente al periodo dell’apprendistato (1720-1745), caratterizzata da composizioni molto geometriche e lineari e della rappresentazioni di paesaggi di fantasia, avvicinandosi al genere del Capriccio.', 'Engraving dating back to the apprenticeship period (1720-1745), characterized by very geometric and linear compositions and the representation of fantasy landscapes, approaching the Capriccio genre.'),
(52, 7, 'Veduta interna del Panteon', 'Interior view of the Pantheon', 'Incisione risalente al periodo del vedustismo (1745-1770) caratterizzato dalla rappresentazione oggettiva e scientifica del paesaggio, in particolare quello di Roma, che visita per la prima volta in quegli anni.', 'Engraving dating back to the period of vedustismo (1745-1770) characterized by the objective and scientific representation of the landscape, in particular that of Rome, which he visited for the first time in those years', 'Incisione risalente al periodo del vedustismo (1745-1770) caratterizzato dalla rappresentazione oggettiva e scientifica del paesaggio, in particolare quello di Roma, che visita per la prima volta in quegli anni', 'Engraving dating back to the period of vedustismo (1745-1770) characterized by the objective and scientific representation of the landscape, in particular that of Rome, which he visited for the first time in those years'),
(53, 7, 'Le carceri', '\r\nPrisons', 'Incisione risalente all’ultimo periodo (1770-1778), caratterizzato dalla progettazione di elementi d’arredo e dal disegno d’invenzione, in cui rappresenta l’orrore fisico delle prigioni attraverso l’imponenza e la complessità degli spazi interni architettonici.', 'Engraving dating back to the last period (1770-1778), characterized by the design of furnishing elements and the design of the invention, in which it represents the physical horror of the prisons through the grandeur and complexity of the interior architectural spaces.', 'Incisione risalente all’ultimo periodo (1770-1778), caratterizzato dalla progettazione di elementi d’arredo e dal disegno d’invenzione, in cui rappresenta l’orrore fisico delle prigioni attraverso l’imponenza e la complessità degli spazi interni architettonici.', 'Engraving dating back to the last period (1770-1778), characterized by the design of furnishing elements and the design of the invention, in which it represents the physical horror of the prisons through the grandeur and complexity of the interior architectural spaces.'),
(54, 12, 'Materiale vegetale raccolto in campo', 'Plant material collected in the field', 'Il materiale vegetale viene raccolto da un elevato numero di piante per popolazione, al fine di campionare un’alta diversità genetica.', 'Plant material is collected from a large number of plants per population, in order to sample a high genetic diversity.', 'Il materiale vegetale viene raccolto da un elevato numero di piante per popolazione, al fine di campionare un’alta diversità genetica.', 'Plant material is collected from a large number of plants per population, in order to sample a high genetic diversity.'),
(55, 12, 'Setacci per la pulizia dei semi', 'Sieves for cleaning seeds', 'Il materiale vegetale raccolto in campo è sottoposto, in laboratorio, a procedure di pulizia e selezione.', 'The plant material collected in the field is subjected to cleaning and selection procedures in the laboratory.', 'Il materiale vegetale raccolto in campo è sottoposto, in laboratorio, a procedure di pulizia e selezione.', 'The plant material collected in the field is subjected to cleaning and selection procedures in the laboratory.'),
(56, 12, 'Stereomicroscopio per l’osservazione della morfologia dei semi', 'Stereomicroscope for the observation of the morphology of the seeds', 'L’osservazione allo stereomicroscopio permette di eliminare i semi vuoi, danneggiati o parassitati.\r\n\r\n', 'Observation under the stereomicroscope allows you to remove the seeds you want, damaged or parasitized.', 'L’osservazione allo stereomicroscopio permette di eliminare i semi vuoi, danneggiati o parassitati.', 'Observation under the stereomicroscope allows you to remove the seeds you want, damaged or parasitized.'),
(57, 12, 'Frutti e semi di specie spontaneee della flora siciliana', 'Fruits and seeds of spontaneous species of Sicilian flora', 'La BGS-CT conserva i semi di specie minacciate,rare ed endemiche', 'BGS-CT preserves the seeds of endangered, rare and endemic species', 'La BGS-CT conserva i semi di specie minacciate,rare ed endemiche', 'BGS-CT preserves the seeds of endangered, rare and endemic species'),
(58, 12, 'Semi confezionati per la conservazione a lungo termine (-20°)', 'Seeds packaged for long term storage (-20 °)', 'I semi deidratati sono confezionati in vials di vetro a chiusura ermetica, contenenti gel di silice a viraggio colorimetrico per rilevare eventuali variazioni di umidità', 'The dehydrated seeds are packaged in hermetically sealed glass vials, containing colorimetric toning silica gel to detect any changes in humidity', 'I semi deidratati sono confezionati in vials di vetro a chiusura ermetica, contenenti gel di silice a viraggio colorimetrico per rilevare eventuali variazioni di umidità', 'The dehydrated seeds are packaged in hermetically sealed glass vials, containing colorimetric toning silica gel to detect any changes in humidity'),
(59, 15, 'Salgemma', 'Salgemma', 'L’halite o salgemma è (NaCL -cloruro di sodio),ha cristalli cubici spesso aggregati. Si presenta incolore ma spesso può avere colorazione azzurra o violetta dovuta in genere a difetti del reticolo cristallino. Attualmente il salgemma è estratto in Sicilia nelle miniere di Petralia e di Regalbuto.', 'L’halite o salgemma is (NaCL - sodium chloride), has cubic crystals often aggregated. It is colorless but can often have a blue or violet color due generally to defects in the crystal lattice. Rock salt is currently extracted in Sicily in the mines of Petralia and Regalbuto.', 'L’halite o salgemma è (NaCL -cloruro di sodio),ha cristalli cubici spesso aggregati. Si presenta incolore ma spesso può avere colorazione azzurra o violetta dovuta in genere a difetti del reticolo cristallino. Attualmente il salgemma è estratto in Sicilia nelle miniere di Petralia e di Regalbuto.', 'L’halite o salgemma is (NaCL - sodium chloride), has cubic crystals often aggregated. It is colorless but can often have a blue or violet color due generally to defects in the crystal lattice. Rock salt is currently extracted in Sicily in the mines of Petralia and Regalbuto.'),
(60, 15, 'Gesso', 'Gesso', 'Il gesso CaSO42H2O è uno dei minerali più tenei. Si presenta spesso in grandi cristalli anche trasparenti geminati a ferro di lancia o con aggregati di diverse morfologie. Il gesso riscaldato oltre 150°C perde parte o tutta l’acqua in esso contenuta e viene utilizzato anche nella edilizia.\r\n\r\n', 'CaSO42H2O gypsum is one of the darkest minerals. It often occurs in large crystals, also transparent, twinned with a lance iron or with aggregates of different morphologies. Gypsum heated above 150 ° C loses part or all of the water contained in it and is also used in construction.', 'Il gesso CaSO42H2O è uno dei minerali più tenei. Si presenta spesso in grandi cristalli anche trasparenti geminati a ferro di lancia o con aggregati di diverse morfologie. Il gesso riscaldato oltre 150°C perde parte o tutta l’acqua in esso contenuta e viene utilizzato anche nella edilizia.\r\n', 'CaSO42H2O gypsum is one of the darkest minerals. It often occurs in large crystals, also transparent, twinned with a lance iron or with aggregates of different morphologies. Gypsum heated above 150 ° C loses part or all of the water contained in it and is also used in construction.'),
(61, 15, 'Aragonite', 'Aragonite', 'Ha la stessa composizione chimica della calcita (CaCO3) ma cristallizza nel sistema rombico. Comuni sono i geminati in prismi a base esagonale.', 'It has the same chemical composition as calcite (CaCO3) but crystallizes in the rhombic system. The twins in hexagonal prisms are common.', 'Ha la stessa composizione chimica della calcita (CaCO3) ma cristallizza nel sistema rombico. Comuni sono i geminati in prismi a base esagonale.', 'It has the same chemical composition as calcite (CaCO3) but crystallizes in the rhombic system. The twins in hexagonal prisms are common.'),
(62, 15, 'Celestina', 'Celestina', 'La celestina SrSO4 presenta dei cristalli di forma prismatica ortorombici incolori o celesti. I campioni provenienti dalla Sicilia sono tra i più belli e ricercati dai collezionisti.', 'The celestine SrSO4 has colorless or celestial orthorhombic prismatic crystals. The samples from Sicily are among the most beautiful and sought after by collectors.', 'La celestina SrSO4 presenta dei cristalli di forma prismatica ortorombici incolori o celesti. I campioni provenienti dalla Sicilia sono tra i più belli e ricercati dai collezionisti.', 'The celestine SrSO4 has colorless or celestial orthorhombic prismatic crystals. The samples from Sicily are among the most beautiful and sought after by collectors.'),
(63, 15, 'Zolfo', 'Zolfo', 'Lo Zolfo è un elemento nativo dal caratteristico colore giallo. L’attività estrattiva di questo minerale in Sicilia sembra essere iniziata durante la colonizzazione greca. All’inizio del XX secolo l’attività estrattiva ha avuto il suo massimo con più di 700 miniere con oltre 30.000 minatori e una produzione che copriva i 4/5 della fornitura mondiale, ma alla fine degli anni ’70 l’attività ha subito una profonda crisi a causa delle nuove tecnologie di produzione.\r\n\r\n', 'Sulfur is a native element with a characteristic yellow color. The extraction of this mineral in Sicily seems to have started during the Greek colonization. At the beginning of the twentieth century the mining activity had its maximum with more than 700 mines with over 30,000 miners and a production that covered 4/5 of the world supply, but at the end of the 70s the activity underwent a deep crisis due to new production technologies.', 'Lo Zolfo è un elemento nativo dal caratteristico colore giallo. L’attività estrattiva di questo minerale in Sicilia sembra essere iniziata durante la colonizzazione greca. All’inizio del XX secolo l’attività estrattiva ha avuto il suo massimo con più di 700 miniere con oltre 30.000 minatori e una produzione che copriva i 4/5 della fornitura mondiale, ma alla fine degli anni ’70 l’attività ha subito una profonda crisi a causa delle nuove tecnologie di produzione.\r\n', 'Sulfur is a native element with a characteristic yellow color. The extraction of this mineral in Sicily seems to have started during the Greek colonization. At the beginning of the twentieth century the mining activity had its maximum with more than 700 mines with over 30,000 miners and a production that covered 4/5 of the world supply, but at the end of the 70s the activity underwent a deep crisis due to new production technologies.'),
(64, 15, 'Zolfo Talamone', 'Zolfo Talamone', 'Questo campione di zolfo compatto di colore bruno chiamato Talamone proviene dalla miniera di Cozzo Disi situata nelle vicinanze del comune di Casteltermini,provincia di Agrigento. Questa fu una delle più grandi miniere di zolfo della Sicilia. All’interna di questa miniera furono estratti meravigliosi minerali di zolfo giallo limone e zolfo bituminoso. La miniera fu chiusa nel 1989 insieme alle ultime sei miniere di zolfo della Sicilia.', 'This sample of compact brown sulfur called Talamone comes from the Cozzo Disi mine located near the town of Casteltermini, in the province of Agrigento. This was one of the largest sulfur mines in Sicily. Wonderful minerals of lemon yellow sulfur and bituminous sulfur were extracted inside this mine. The mine was closed in 1989 together with the last six sulfur mines of Sicily.', 'Questo campione di zolfo compatto di colore bruno chiamato Talamone proviene dalla miniera di Cozzo Disi situata nelle vicinanze del comune di Casteltermini,provincia di Agrigento. Questa fu una delle più grandi miniere di zolfo della Sicilia. All’interna di questa miniera furono estratti meravigliosi minerali di zolfo giallo limone e zolfo bituminoso. La miniera fu chiusa nel 1989 insieme alle ultime sei miniere di zolfo della Sicilia.', 'This sample of compact brown sulfur called Talamone comes from the Cozzo Disi mine located near the town of Casteltermini, in the province of Agrigento. This was one of the largest sulfur mines in Sicily. Wonderful minerals of lemon yellow sulfur and bituminous sulfur were extracted inside this mine. The mine was closed in 1989 together with the last six sulfur mines of Sicily.'),
(65, 18, 'Collezioni di Grani antichi siciliani', 'Collections of ancient Sicilian grains', 'I cosiddetti “grani antichi” sono i genotipi di grano duro e tenero autoctoni coltivati in Sicilia prima del vasto programma di miglioramento genetico avviato 100 anni fa da Nazareno Strampelli (1886-1942) che ha posto le basi per lo sviluppo delle moderne varietà di grano. Sono qui esposte le spighe di alcune delle 50 vecchie varietà e popolazioni siciliane di frammento duro (triticum durum), tenero( triticum aestivum), turgido( triticum turgidum) che il DI3A conserva: un patrimonio genetico di straordinario valore scientifica e culturale.', 'The so-called \"ancient grains\" are the autochthonous durum and soft wheat genotypes cultivated in Sicily before the vast genetic improvement program started 100 years ago by Nazareno Strampelli (1886-1942) which laid the foundations for the development of modern varieties of wheat. . The ears of some of the 50 old Sicilian varieties and populations of hard fragment (triticum durum), tender (triticum aestivum), turgid (triticum turgidum) that DI3A conserves: a genetic heritage of extraordinary scientific and cultural value are exhibited here.', 'I cosiddetti “grani antichi” sono i genotipi di grano duro e tenero autoctoni coltivati in Sicilia prima del vasto programma di miglioramento genetico avviato 100 anni fa da Nazareno Strampelli (1886-1942) che ha posto le basi per lo sviluppo delle moderne varietà di grano. Sono qui esposte le spighe di alcune delle 50 vecchie varietà e popolazioni siciliane di frammento duro (triticum durum), tenero( triticum aestivum), turgido( triticum turgidum) che il DI3A conserva: un patrimonio genetico di straordinario valore scientifica e culturale.', 'The so-called \"ancient grains\" are the autochthonous durum and soft wheat genotypes cultivated in Sicily before the vast genetic improvement program started 100 years ago by Nazareno Strampelli (1886-1942) which laid the foundations for the development of modern varieties of wheat. . The ears of some of the 50 old Sicilian varieties and populations of hard fragment (triticum durum), tender (triticum aestivum), turgid (triticum turgidum) that DI3A conserves: a genetic heritage of extraordinary scientific and cultural value are exhibited here.'),
(66, 18, 'Collezione di genotipi siciliani di leguminose da granella', 'Collezione di genotipi siciliani di leguminose da granella', 'La sezione di Agronomia e Coltivazioni erbacee del Di3A conserva una ricca collezione di 96 genotipi di fava (Vicia faba L.) appartenenti alle tre varietà botaniche, minor,equina e major, reperite in diverse località della Sicilia centro-orientale negli anni ’70 del secolo scorso. Alle accessioni di fava sono aggiunte di recente quelle di cece ( Cicer arietinum L.),fagiolo (Phaseolus vulgaris L.),lenticchia (Lens culinaris Medik.) e cicerchia (lathyrus sativus L.). Oggi la collezione di popolazioni e varità locali di queste specie conta 129 accessioni.', 'The Agronomy and Herbaceous Cultivation section of Di3A preserves a rich collection of 96 broad bean (Vicia faba L.) genotypes belonging to the three botanical varieties, minor, equine and major, found in various locations in central-eastern Sicily in the 1970s. last century. Chickpea (Cicer arietinum L.), Bean (Phaseolus vulgaris L.), Lentil (Lens culinaris Medik.) And cicerchia (lathyrus sativus L.) have recently been added to broad bean accessions. Today the collection of populations and local varieties of these species has 129 accessions.', 'La sezione di Agronomia e Coltivazioni erbacee del Di3A conserva una ricca collezione di 96 genotipi di fava (Vicia faba L.) appartenenti alle tre varietà botaniche, minor,equina e major, reperite in diverse località della Sicilia centro-orientale negli anni ’70 del secolo scorso. Alle accessioni di fava sono aggiunte di recente quelle di cece ( Cicer arietinum L.),fagiolo (Phaseolus vulgaris L.),lenticchia (Lens culinaris Medik.) e cicerchia (lathyrus sativus L.). Oggi la collezione di popolazioni e varità locali di queste specie conta 129 accessioni.', 'The Agronomy and Herbaceous Cultivation section of Di3A preserves a rich collection of 96 broad bean (Vicia faba L.) genotypes belonging to the three botanical varieties, minor, equine and major, found in various locations in central-eastern Sicily in the 1970s. last century. Chickpea (Cicer arietinum L.), Bean (Phaseolus vulgaris L.), Lentil (Lens culinaris Medik.) And cicerchia (lathyrus sativus L.) have recently been added to broad bean accessions. Today the collection of populations and local varieties of these species has 129 accessions.'),
(67, 14, 'Pecten pleuronectes Sowerby', 'Pecten pleuronectes Sowerby', 'Pecten pleuronectes Sowerby risalente al 1842 è un bivalve pettinide del Tortoniano dei pressi di Vizzini. Oggi riferibile al genere Amussium, per la forma della sua conchiglia, poteva compiere lunghi balzi sui fondali.', 'Pecten pleuronectes Sowerby dating back to 1842 is a pectinid bivalve from the Tortonian area near Vizzini. Today referable to the genus Amussium, due to the shape of its shell, it could make long leaps on the seabed.', 'Pecten pleuronectes Sowerby risalente al 1842 è un bivalve pettinide del Tortoniano dei pressi di Vizzini. Oggi riferibile al genere Amussium, per la forma della sua conchiglia, poteva compiere lunghi balzi sui fondali.', 'Pecten pleuronectes Sowerby dating back to 1842 is a pectinid bivalve from the Tortonian area near Vizzini. Today referable to the genus Amussium, due to the shape of its shell, it could make long leaps on the seabed.'),
(68, 14, 'Fossili', 'Fossils', 'Identificati dal Barone Cafici come appartenenti al genere Scytalia, in effetti questi fossili del Cretaceo superiore di Licodia Eubea, non sono spugne ma tracce fossili prodotte da organismo bentonici.', 'Identified by Baron Cafici as belonging to the genus Scytalia, in fact these fossils of the Upper Cretaceous of Licodia Eubea are not sponges but fossil traces produced by benthic organisms.', 'Identificati dal Barone Cafici come appartenenti al genere Scytalia, in effetti questi fossili del Cretaceo superiore di Licodia Eubea, non sono spugne ma tracce fossili prodotte da organismo bentonici.', 'Identified by Baron Cafici as belonging to the genus Scytalia, in fact these fossils of the Upper Cretaceous of Licodia Eubea are not sponges but fossil traces produced by benthic organisms.'),
(69, 14, 'Nummulites millecaput Boubèe', 'Nummulites millecaput Boubèe', 'Nummulites millecaput Boubèe risale al 1832, nonostante le grandi dimensioni di questi fossili dell’Oligocene di Tatabanya (libia) sono foraminiferi, quindi organismi costituito da una sola cellula.', 'Nummulites millecaput Boubèe dates back to 1832, despite the large size of these Oligocene fossils from Tatabanya (libya) are foraminifers, therefore organisms consisting of a single cell.', 'Nummulites millecaput Boubèe risale al 1832, nonostante le grandi dimensioni di questi fossili dell’Oligocene di Tatabanya (libia) sono foraminiferi, quindi organismi costituito da una sola cellula.', 'Nummulites millecaput Boubèe dates back to 1832, despite the large size of these Oligocene fossils from Tatabanya (libya) are foraminifers, therefore organisms consisting of a single cell.'),
(70, 14, 'Granchio', 'Crab', 'Granchio trovato in depositi del Pleistocene del Siracusano. La conservazione con tutte le parti ancora connesse è eccezionale e si realizza solo grazie a seppellimento molto veloce.', 'Crab found in deposits of the Pleistocene of the Syracuse area. The conservation with all the parts still connected is exceptional and is achieved only thanks to very fast burial.', 'Granchio trovato in depositi del Pleistocene del Siracusano. La conservazione con tutte le parti ancora connesse è eccezionale e si realizza solo grazie a seppellimento molto veloce.', 'Crab found in deposits of the Pleistocene of the Syracuse area. The conservation with all the parts still connected is exceptional and is achieved only thanks to very fast burial.'),
(71, 14, 'Crioceratites Lèveill', 'Crioceratites Lèveill', 'Crioceratites Lèveill risalente al 1837, proveniente dalla località tipo del Barremiano della Francia. Con la sua conchiglia aperta ed i giri non a contatto, questa ammonite ha caratteri che preludono all’estinzione.', 'Crioceratites Lèveill dating back to 1837, coming from the type locality of the Barremiano of France. With its shell open and the turns not in contact, this ammonite has characters that prelude to extinction.', 'Crioceratites Lèveill risalente al 1837, proveniente dalla località tipo del Barremiano della Francia. Con la sua conchiglia aperta ed i giri non a contatto, questa ammonite ha caratteri che preludono all’estinzione.', 'Crioceratites Lèveill dating back to 1837, coming from the type locality of the Barremiano of France. With its shell open and the turns not in contact, this ammonite has characters that prelude to extinction.'),
(72, 14, 'Pecten jacobaeus', 'Pecten jacobaeus', 'Pecten jacobaeus risalente al 1758,sono fossili molto comuni e vivono poggiati su fondali mobili, parzialmente ricoperti di sedimento. Se disturbati da predatori, si spostano con goffi balzi.', 'Pecten jacobaeus dating back to 1758, are very common fossils and live resting on movable bottoms, partially covered with sediment. If disturbed by predators, they move with clumsy leaps.', 'Pecten jacobaeus risalente al 1758,sono fossili molto comuni e vivono poggiati su fondali mobili, parzialmente ricoperti di sedimento. Se disturbati da predatori, si spostano con goffi balzi.', 'Pecten jacobaeus dating back to 1758, are very common fossils and live resting on movable bottoms, partially covered with sediment. If disturbed by predators, they move with clumsy leaps.'),
(73, 14, 'Ostrea edule Linnaeus', 'Ostrea edule Linnaeus', 'Ostrea edule Linnaeus risalente al 1758, questi balvi hanno una conchiglia molto spessa e a composizione calcitica che si conserva facilmente e spesso selettivamente.', 'Ostrea edule Linnaeus dating back to 1758, these balvi have a very thick shell and a calcitic composition that is preserved easily and often selectively.', 'Ostrea edule Linnaeus risalente al 1758, questi balvi hanno una conchiglia molto spessa e a composizione calcitica che si conserva facilmente e spesso selettivamente.', 'Ostrea edule Linnaeus dating back to 1758, these balvi have a very thick shell and a calcitic composition that is preserved easily and often selectively.'),
(74, 14, 'Glycymeris bimaculatus', 'Glycymeris bimaculatus', 'Glycymeris bimaculatus risalente al 1795, in passato indicati come Pectunculus, questi grossi bivalvi vivono infossati in sedimenti grossolani in fondali spazzati da correnti, a profondità modeste.', 'Glycymeris bimaculatus dating back to 1795, in the past referred to as Pectunculus, these large bivalves live sunken in coarse sediments in backdrops swept by currents, at modest depths.', 'Glycymeris bimaculatus risalente al 1795, in passato indicati come Pectunculus, questi grossi bivalvi vivono infossati in sedimenti grossolani in fondali spazzati da correnti, a profondità modeste.', 'Glycymeris bimaculatus dating back to 1795, in the past referred to as Pectunculus, these large bivalves live sunken in coarse sediments in backdrops swept by currents, at modest depths.'),
(75, 14, 'cerizide Campanile cf. giganteum', 'Cerizide Campanile cf. giganteum', 'Il cerizide Campanile cf. giganteum risalente al 1804 dell’Eocene del Bacino di Parigi. Lo scheletro può conservarsi, ma spesso si scioglie durante la fossilizzazione lasciando un calco o modello interno.\r\n\r\n', 'The cerizide Campanile cf. giganteum dating back to 1804 of the Eocene of the Paris Basin. The skeleton can be preserved, but often melts during fossilization leaving an internal mold or model.', 'Il cerizide Campanile cf. giganteum risalente al 1804 dell’Eocene del Bacino di Parigi. Lo scheletro può conservarsi, ma spesso si scioglie durante la fossilizzazione lasciando un calco o modello interno.\r\n', 'The cerizide Campanile cf. giganteum dating back to 1804 of the Eocene of the Paris Basin. The skeleton can be preserved, but often melts during fossilization leaving an internal mold or model.'),
(76, 14, 'Clypeaster', 'Clypeaster', 'Clypeaster sono dalla forma tipica a campane a base pentagonale e vivono infossati in fondi sabbiosi lasciando sporgere all’esterno solo la parte rilevata con gli “ambulacri” che disegnano dei petali.', 'Clypeasters are of the typical pentagonal bell-shaped shape and live sunken in sandy bottoms leaving only the part detected with the \"ambulatory\" that draws petals protruding from the outside.', 'Clypeaster sono dalla forma tipica a campane a base pentagonale e vivono infossati in fondi sabbiosi lasciando sporgere all’esterno solo la parte rilevata con gli “ambulacri” che disegnano dei petali.', 'Clypeasters are of the typical pentagonal bell-shaped shape and live sunken in sandy bottoms leaving only the part detected with the \"ambulatory\" that draws petals protruding from the outside.'),
(77, 14, 'Coralli', 'Corals', 'Questi coralli coloniali, noti come coralli gialli per il tipico colore, vivono su fondi duri al bordo della piattaforma continentale. Le parti esposte dei loro scheletri sono colonizzate da numerosi epibionti.', 'These colonial corals, known as yellow corals for their typical color, live on hard bottoms at the edge of the continental shelf. The exposed parts of their skeletons are colonized by numerous epibionts.', 'Questi coralli coloniali, noti come coralli gialli per il tipico colore, vivono su fondi duri al bordo della piattaforma continentale. Le parti esposte dei loro scheletri sono colonizzate da numerosi epibionti.', 'These colonial corals, known as yellow corals for their typical color, live on hard bottoms at the edge of the continental shelf. The exposed parts of their skeletons are colonized by numerous epibionts.'),
(78, 14, 'Potamidi', 'Potamidi', 'Superficie di strato con gastreropodi conservati come calchi della parte esterna dei gusci. Si tratta di potamidi tipici di acque salamatre e ambienti lagunari dove formano popolazioni molto dense.', 'Layer surface with gastreropods preserved as casts of the outer part of the shells. These are typical potamides of salamaters and lagoon environments where they form very dense populations.', 'Superficie di strato con gastreropodi conservati come calchi della parte esterna dei gusci. Si tratta di potamidi tipici di acque salamatre e ambienti lagunari dove formano popolazioni molto dense.', 'Layer surface with gastreropods preserved as casts of the outer part of the shells. These are typical potamides of salamaters and lagoon environments where they form very dense populations.');

--
-- Indici per le tabelle scaricate
--

--
-- Indici per le tabelle `affidatari`
--
ALTER TABLE `affidatari`
  ADD PRIMARY KEY (`id_affidatario`);

--
-- Indici per le tabelle `aree`
--
ALTER TABLE `aree`
  ADD PRIMARY KEY (`id_area`);

--
-- Indici per le tabelle `collezioni`
--
ALTER TABLE `collezioni`
  ADD PRIMARY KEY (`id_collezione`),
  ADD KEY `id_affidatario` (`id_affidatario`),
  ADD KEY `id_area` (`id_area`);

--
-- Indici per le tabelle `immagini`
--
ALTER TABLE `immagini`
  ADD PRIMARY KEY (`id_immagine`),
  ADD KEY `id_oggetto` (`id_oggetto`);

--
-- Indici per le tabelle `oggetto`
--
ALTER TABLE `oggetto`
  ADD PRIMARY KEY (`id_oggetto`),
  ADD KEY `id_collezioni` (`id_collezione`);

--
-- AUTO_INCREMENT per le tabelle scaricate
--

--
-- AUTO_INCREMENT per la tabella `affidatari`
--
ALTER TABLE `affidatari`
  MODIFY `id_affidatario` int(10) NOT NULL AUTO_INCREMENT, AUTO_INCREMENT=9;

--
-- AUTO_INCREMENT per la tabella `aree`
--
ALTER TABLE `aree`
  MODIFY `id_area` int(10) NOT NULL AUTO_INCREMENT, AUTO_INCREMENT=7;

--
-- AUTO_INCREMENT per la tabella `collezioni`
--
ALTER TABLE `collezioni`
  MODIFY `id_collezione` int(10) NOT NULL AUTO_INCREMENT, AUTO_INCREMENT=19;

--
-- AUTO_INCREMENT per la tabella `immagini`
--
ALTER TABLE `immagini`
  MODIFY `id_immagine` int(10) NOT NULL AUTO_INCREMENT, AUTO_INCREMENT=79;

--
-- AUTO_INCREMENT per la tabella `oggetto`
--
ALTER TABLE `oggetto`
  MODIFY `id_oggetto` int(11) NOT NULL AUTO_INCREMENT, AUTO_INCREMENT=79;

--
-- Limiti per le tabelle scaricate
--

--
-- Limiti per la tabella `collezioni`
--
ALTER TABLE `collezioni`
  ADD CONSTRAINT `collezioni_ibfk_2` FOREIGN KEY (`id_affidatario`) REFERENCES `affidatari` (`id_affidatario`) ON DELETE CASCADE ON UPDATE CASCADE,
  ADD CONSTRAINT `collezioni_ibfk_3` FOREIGN KEY (`id_area`) REFERENCES `aree` (`id_area`) ON DELETE CASCADE ON UPDATE CASCADE;

--
-- Limiti per la tabella `immagini`
--
ALTER TABLE `immagini`
  ADD CONSTRAINT `immagini_ibfk_1` FOREIGN KEY (`id_oggetto`) REFERENCES `oggetto` (`id_oggetto`) ON DELETE CASCADE ON UPDATE CASCADE;

--
-- Limiti per la tabella `oggetto`
--
ALTER TABLE `oggetto`
  ADD CONSTRAINT `oggetto_ibfk_1` FOREIGN KEY (`id_collezione`) REFERENCES `collezioni` (`id_collezione`) ON DELETE CASCADE ON UPDATE CASCADE;

/*!40101 SET CHARACTER_SET_CLIENT=@OLD_CHARACTER_SET_CLIENT */;
/*!40101 SET CHARACTER_SET_RESULTS=@OLD_CHARACTER_SET_RESULTS */;
/*!40101 SET COLLATION_CONNECTION=@OLD_COLLATION_CONNECTION */;
